CRUISE_PLAN,LAST_DATE_UPDATED,SHIP_NAME,WATER_BODY,CSN,LATITUDE,LONGITUDE,PSN,SOUNDING,STN_DATE,CODE,DEPTH_FROM,DEPTH_TO,DETECTION,FLAG,SEQ_NO,VALUE,ABBREV,FULL_NAME,UNITS,LATITUDE_DD,LONGITUDE_DD
200801801,2008-04-30 08:24:01,CCGS GRIFFON,LAKE ERIE,1,414930,-825830,970,10,2008-02-12 19:40:00,30,.00,.00,0.00000000,,0,1.000000,SECCHI,SECCHI DISC DEPTH,METRE,41.82500,-82.97500
200801801,2008-04-30 08:24:01,CCGS GRIFFON,LAKE ERIE,1,414930,-825830,970,10,2008-02-12 19:40:00,100,.00,.00,0.00000000,,0,.000000,TEMP,TEMPERATURE (OF WATER),DEG C,41.82500,-82.97500
200801801,2008-04-30 08:24:01,CCGS GRIFFON,LAKE ERIE,1,414930,-825830,970,10,2008-02-12 19:40:00,227,1.00,.00,0.00500000,,0,.373000,POC,"CARBON,PARTICULATE ORGANIC",MG C/L,41.82500,-82.97500
200801801,2008-04-30 08:24:01,CCGS GRIFFON,LAKE ERIE,1,414930,-825830,970,10,2008-02-12 19:40:00,227,5.00,.00,0.00500000,,0,.272000,POC,"CARBON,PARTICULATE ORGANIC",MG C/L,41.82500,-82.97500
200801801,2008-04-30 08:24:01,CCGS GRIFFON,LAKE ERIE,1,414930,-825830,970,10,2008-02-12 19:40:00,260,1.00,.00,0.00050000,,0,.029900,TP,"PHOSPHOROUS,TOTAL",MG P/L,41.82500,-82.97500
200801801,2008-04-30 08:24:01,CCGS GRIFFON,LAKE ERIE,1,414930,-825830,970,10,2008-02-12 19:40:00,260,5.00,.00,0.00050000,,0,.030800,TP,"PHOSPHOROUS,TOTAL",MG P/L,41.82500,-82.97500
200801801,2008-04-30 08:24:01,CCGS GRIFFON,LAKE ERIE,1,414930,-825830,970,10,2008-02-12 19:40:00,263,1.00,.00,0.00020000,,0,.017000,SR P,"PHOSPHOROUS,SOLUBLE REACTIVE,FILTERED",MG P/L,41.82500,-82.97500
200801801,2008-04-30 08:24:01,CCGS GRIFFON,LAKE ERIE,1,414930,-825830,970,10,2008-02-12 19:40:00,263,5.00,.00,0.00020000,,0,.018100,SR P,"PHOSPHOROUS,SOLUBLE REACTIVE,FILTERED",MG P/L,41.82500,-82.97500
200801801,2008-04-30 08:24:01,CCGS GRIFFON,LAKE ERIE,1,414930,-825830,970,10,2008-02-12 19:40:00,264,1.00,.00,0.00050000,,0,.018900,TF P,"PHOSPHORUS,TOTAL FILTERED",MG P/L,41.82500,-82.97500
200801801,2008-04-30 08:24:01,CCGS GRIFFON,LAKE ERIE,1,414930,-825830,970,10,2008-02-12 19:40:00,264,5.00,.00,0.00050000,,0,.021400,TF P,"PHOSPHORUS,TOTAL FILTERED",MG P/L,41.82500,-82.97500
200801801,2008-04-30 08:24:01,CCGS GRIFFON,LAKE ERIE,1,414930,-825830,970,10,2008-02-12 19:40:00,268,1.00,.00,0.00200000,,0,.042000,N TP,"NITROGEN,TOTAL PARTICULATE",MG N/L,41.82500,-82.97500
200801801,2008-04-30 08:24:01,CCGS GRIFFON,LAKE ERIE,1,414930,-825830,970,10,2008-02-12 19:40:00,268,5.00,.00,0.00200000,,0,.033000,N TP,"NITROGEN,TOTAL PARTICULATE",MG N/L,41.82500,-82.97500
200801801,2008-04-30 08:24:01,CCGS GRIFFON,LAKE ERIE,1,414930,-825830,970,10,2008-02-12 19:40:00,291,1.00,.00,0.01400000,,0,1.710000,TN F,"TOTAL NITROGEN,FILTERED",MG/L,41.82500,-82.97500
200801801,2008-04-30 08:24:01,CCGS GRIFFON,LAKE ERIE,1,414930,-825830,970,10,2008-02-12 19:40:00,291,5.00,.00,0.01400000,,0,1.600000,TN F,"TOTAL NITROGEN,FILTERED",MG/L,41.82500,-82.97500
200801801,2008-04-30 08:24:01,CCGS GRIFFON,LAKE ERIE,1,414930,-825830,970,10,2008-02-12 19:40:00,295,1.00,.00,0.02000000,,0,2.850000,R SI02,"SILICA,SOLUBLE REACTIVE",MG/L,41.82500,-82.97500
200801801,2008-04-30 08:24:01,CCGS GRIFFON,LAKE ERIE,1,414930,-825830,970,10,2008-02-12 19:40:00,295,5.00,.00,0.02000000,,0,2.840000,R SI02,"SILICA,SOLUBLE REACTIVE",MG/L,41.82500,-82.97500
200801801,2008-04-30 08:24:01,CCGS GRIFFON,LAKE ERIE,1,414930,-825830,970,10,2008-02-12 19:40:00,437,1.00,.00,0.00500000,,0,.064000,NH3,"AMMONIA NITROGEN, SOLUBLE",MG N/L,41.82500,-82.97500
200801801,2008-04-30 08:24:01,CCGS GRIFFON,LAKE ERIE,1,414930,-825830,970,10,2008-02-12 19:40:00,437,5.00,.00,0.00500000,,0,.065000,NH3,"AMMONIA NITROGEN, SOLUBLE",MG N/L,41.82500,-82.97500
200801801,2008-04-30 08:24:01,CCGS GRIFFON,LAKE ERIE,1,414930,-825830,970,10,2008-02-12 19:40:00,438,1.00,.00,0.00500000,,0,1.280000,NO3NO2 F,"NITRATE+NITRITE NITROGEN, FILTERED",MG N/L,41.82500,-82.97500
200801801,2008-04-30 08:24:01,CCGS GRIFFON,LAKE ERIE,1,414930,-825830,970,10,2008-02-12 19:40:00,438,5.00,.00,0.00500000,,0,1.280000,NO3NO2 F,"NITRATE+NITRITE NITROGEN, FILTERED",MG N/L,41.82500,-82.97500
200801801,2008-04-30 08:24:01,CCGS GRIFFON,LAKE ERIE,1,414930,-825830,970,10,2008-02-12 19:40:00,610,1.00,.00,0.10000000,,0,.500000,CAU,"CHLOROPHYL A, UNCORRECTED",UG/L,41.82500,-82.97500
200801801,2008-04-30 08:24:01,CCGS GRIFFON,LAKE ERIE,1,414930,-825830,970,10,2008-02-12 19:40:00,610,5.00,.00,0.10000000,,0,.300000,CAU,"CHLOROPHYL A, UNCORRECTED",UG/L,41.82500,-82.97500
200801801,2008-04-30 08:24:01,CCGS GRIFFON,LAKE ERIE,1,414930,-825830,970,10,2008-02-12 19:40:00,611,1.00,.00,0.10000000,,0,.400000,CAC,"CHLOROPHYLL A, CORRECTED PHAEOPHYTIN",UG/L,41.82500,-82.97500
200801801,2008-04-30 08:24:01,CCGS GRIFFON,LAKE ERIE,1,414930,-825830,970,10,2008-02-12 19:40:00,611,5.00,.00,0.10000000,<,0,.100000,CAC,"CHLOROPHYLL A, CORRECTED PHAEOPHYTIN",UG/L,41.82500,-82.97500
200801801,2008-04-30 08:24:01,CCGS GRIFFON,LAKE ERIE,1,414930,-825830,970,10,2008-02-12 19:40:00,1178,1.00,.00,0.10000000,,0,93.400000,ALKCACO3,"TOTAL ALKALINITY, FILTERED",MG CACO3/L,41.82500,-82.97500
200801801,2008-04-30 08:24:01,CCGS GRIFFON,LAKE ERIE,1,414930,-825830,970,10,2008-02-12 19:40:00,1178,5.00,.00,0.10000000,,0,92.400000,ALKCACO3,"TOTAL ALKALINITY, FILTERED",MG CACO3/L,41.82500,-82.97500
200801801,2008-04-30 08:24:01,CCGS GRIFFON,LAKE ERIE,1,414930,-825830,970,10,2008-02-12 19:40:00,1184,1.00,.00,0.02000000,,0,21.500000,SO4,SULPHATE,MG/L,41.82500,-82.97500
200801801,2008-04-30 08:24:01,CCGS GRIFFON,LAKE ERIE,1,414930,-825830,970,10,2008-02-12 19:40:00,1184,5.00,.00,0.02000000,,0,21.800000,SO4,SULPHATE,MG/L,41.82500,-82.97500
200801801,2008-04-30 08:24:01,CCGS GRIFFON,LAKE ERIE,1,414930,-825830,970,10,2008-02-12 19:40:00,1185,1.00,.00,0.02000000,,0,18.000000,CL-F,CHLORIDE,MG/L,41.82500,-82.97500
200801801,2008-04-30 08:24:01,CCGS GRIFFON,LAKE ERIE,1,414930,-825830,970,10,2008-02-12 19:40:00,1185,5.00,.00,0.02000000,,0,18.100000,CL-F,CHLORIDE,MG/L,41.82500,-82.97500
200801801,2008-04-30 08:24:01,CCGS GRIFFON,LAKE ERIE,2,414525,-822408,340,13.0,2008-02-13 14:50:00,30,.00,.00,0.00000000,,0,1.000000,SECCHI,SECCHI DISC DEPTH,METRE,41.75694,-82.40222
200801801,2008-04-30 08:24:01,CCGS GRIFFON,LAKE ERIE,2,414525,-822408,340,13.0,2008-02-13 14:50:00,100,.00,.00,0.00000000,,0,.000000,TEMP,TEMPERATURE (OF WATER),DEG C,41.75694,-82.40222
200801801,2008-04-30 08:24:01,CCGS GRIFFON,LAKE ERIE,2,414525,-822408,340,13.0,2008-02-13 14:50:00,227,1.00,.00,0.00500000,,0,.347000,POC,"CARBON,PARTICULATE ORGANIC",MG C/L,41.75694,-82.40222
200801801,2008-04-30 08:24:01,CCGS GRIFFON,LAKE ERIE,2,414525,-822408,340,13.0,2008-02-13 14:50:00,227,9.00,.00,0.00500000,,0,.372000,POC,"CARBON,PARTICULATE ORGANIC",MG C/L,41.75694,-82.40222
200801801,2008-04-30 08:24:01,CCGS GRIFFON,LAKE ERIE,2,414525,-822408,340,13.0,2008-02-13 14:50:00,260,1.00,.00,0.00050000,,0,.030200,TP,"PHOSPHOROUS,TOTAL",MG P/L,41.75694,-82.40222
200801801,2008-04-30 08:24:01,CCGS GRIFFON,LAKE ERIE,2,414525,-822408,340,13.0,2008-02-13 14:50:00,260,9.00,.00,0.00050000,,0,.030900,TP,"PHOSPHOROUS,TOTAL",MG P/L,41.75694,-82.40222
200801801,2008-04-30 08:24:01,CCGS GRIFFON,LAKE ERIE,2,414525,-822408,340,13.0,2008-02-13 14:50:00,263,1.00,.00,0.00020000,,0,.018700,SR P,"PHOSPHOROUS,SOLUBLE REACTIVE,FILTERED",MG P/L,41.75694,-82.40222
200801801,2008-04-30 08:24:01,CCGS GRIFFON,LAKE ERIE,2,414525,-822408,340,13.0,2008-02-13 14:50:00,263,9.00,.00,0.00020000,,0,.019400,SR P,"PHOSPHOROUS,SOLUBLE REACTIVE,FILTERED",MG P/L,41.75694,-82.40222
200801801,2008-04-30 08:24:01,CCGS GRIFFON,LAKE ERIE,2,414525,-822408,340,13.0,2008-02-13 14:50:00,264,1.00,.00,0.00050000,,0,.021200,TF P,"PHOSPHORUS,TOTAL FILTERED",MG P/L,41.75694,-82.40222
200801801,2008-04-30 08:24:01,CCGS GRIFFON,LAKE ERIE,2,414525,-822408,340,13.0,2008-02-13 14:50:00,264,9.00,.00,0.00050000,,0,.022100,TF P,"PHOSPHORUS,TOTAL FILTERED",MG P/L,41.75694,-82.40222
200801801,2008-04-30 08:24:01,CCGS GRIFFON,LAKE ERIE,2,414525,-822408,340,13.0,2008-02-13 14:50:00,268,1.00,.00,0.00200000,,0,.057000,N TP,"NITROGEN,TOTAL PARTICULATE",MG N/L,41.75694,-82.40222
200801801,2008-04-30 08:24:01,CCGS GRIFFON,LAKE ERIE,2,414525,-822408,340,13.0,2008-02-13 14:50:00,268,9.00,.00,0.00200000,,0,.034000,N TP,"NITROGEN,TOTAL PARTICULATE",MG N/L,41.75694,-82.40222
200801801,2008-04-30 08:24:01,CCGS GRIFFON,LAKE ERIE,2,414525,-822408,340,13.0,2008-02-13 14:50:00,291,1.00,.00,0.01400000,,0,.861000,TN F,"TOTAL NITROGEN,FILTERED",MG/L,41.75694,-82.40222
200801801,2008-04-30 08:24:01,CCGS GRIFFON,LAKE ERIE,2,414525,-822408,340,13.0,2008-02-13 14:50:00,291,9.00,.00,0.01400000,,0,.855000,TN F,"TOTAL NITROGEN,FILTERED",MG/L,41.75694,-82.40222
200801801,2008-04-30 08:24:01,CCGS GRIFFON,LAKE ERIE,2,414525,-822408,340,13.0,2008-02-13 14:50:00,295,1.00,.00,0.02000000,,0,2.040000,R SI02,"SILICA,SOLUBLE REACTIVE",MG/L,41.75694,-82.40222
200801801,2008-04-30 08:24:01,CCGS GRIFFON,LAKE ERIE,2,414525,-822408,340,13.0,2008-02-13 14:50:00,295,9.00,.00,0.02000000,,0,2.050000,R SI02,"SILICA,SOLUBLE REACTIVE",MG/L,41.75694,-82.40222
200801801,2008-04-30 08:24:01,CCGS GRIFFON,LAKE ERIE,2,414525,-822408,340,13.0,2008-02-13 14:50:00,437,1.00,.00,0.00500000,,0,.027000,NH3,"AMMONIA NITROGEN, SOLUBLE",MG N/L,41.75694,-82.40222
200801801,2008-04-30 08:24:01,CCGS GRIFFON,LAKE ERIE,2,414525,-822408,340,13.0,2008-02-13 14:50:00,437,9.00,.00,0.00500000,,0,.027000,NH3,"AMMONIA NITROGEN, SOLUBLE",MG N/L,41.75694,-82.40222
200801801,2008-04-30 08:24:01,CCGS GRIFFON,LAKE ERIE,2,414525,-822408,340,13.0,2008-02-13 14:50:00,438,1.00,.00,0.00500000,,0,.626000,NO3NO2 F,"NITRATE+NITRITE NITROGEN, FILTERED",MG N/L,41.75694,-82.40222
200801801,2008-04-30 08:24:01,CCGS GRIFFON,LAKE ERIE,2,414525,-822408,340,13.0,2008-02-13 14:50:00,438,9.00,.00,0.00500000,,0,.628000,NO3NO2 F,"NITRATE+NITRITE NITROGEN, FILTERED",MG N/L,41.75694,-82.40222
200801801,2008-04-30 08:24:01,CCGS GRIFFON,LAKE ERIE,2,414525,-822408,340,13.0,2008-02-13 14:50:00,610,1.00,.00,0.10000000,,0,1.900000,CAU,"CHLOROPHYL A, UNCORRECTED",UG/L,41.75694,-82.40222
200801801,2008-04-30 08:24:01,CCGS GRIFFON,LAKE ERIE,2,414525,-822408,340,13.0,2008-02-13 14:50:00,610,9.00,.00,0.10000000,,0,1.700000,CAU,"CHLOROPHYL A, UNCORRECTED",UG/L,41.75694,-82.40222
200801801,2008-04-30 08:24:01,CCGS GRIFFON,LAKE ERIE,2,414525,-822408,340,13.0,2008-02-13 14:50:00,611,1.00,.00,0.10000000,,0,1.100000,CAC,"CHLOROPHYLL A, CORRECTED PHAEOPHYTIN",UG/L,41.75694,-82.40222
200801801,2008-04-30 08:24:01,CCGS GRIFFON,LAKE ERIE,2,414525,-822408,340,13.0,2008-02-13 14:50:00,611,9.00,.00,0.10000000,,0,1.100000,CAC,"CHLOROPHYLL A, CORRECTED PHAEOPHYTIN",UG/L,41.75694,-82.40222
200801801,2008-04-30 08:24:01,CCGS GRIFFON,LAKE ERIE,2,414525,-822408,340,13.0,2008-02-13 14:50:00,1178,1.00,.00,0.10000000,,0,87.800000,ALKCACO3,"TOTAL ALKALINITY, FILTERED",MG CACO3/L,41.75694,-82.40222
200801801,2008-04-30 08:24:01,CCGS GRIFFON,LAKE ERIE,2,414525,-822408,340,13.0,2008-02-13 14:50:00,1178,9.00,.00,0.10000000,,0,90.400000,ALKCACO3,"TOTAL ALKALINITY, FILTERED",MG CACO3/L,41.75694,-82.40222
200801801,2008-04-30 08:24:01,CCGS GRIFFON,LAKE ERIE,2,414525,-822408,340,13.0,2008-02-13 14:50:00,1184,1.00,.00,0.02000000,,0,25.700000,SO4,SULPHATE,MG/L,41.75694,-82.40222
200801801,2008-04-30 08:24:01,CCGS GRIFFON,LAKE ERIE,2,414525,-822408,340,13.0,2008-02-13 14:50:00,1184,9.00,.00,0.02000000,,0,24.900000,SO4,SULPHATE,MG/L,41.75694,-82.40222
200801801,2008-04-30 08:24:01,CCGS GRIFFON,LAKE ERIE,2,414525,-822408,340,13.0,2008-02-13 14:50:00,1185,1.00,.00,0.02000000,,0,13.800000,CL-F,CHLORIDE,MG/L,41.75694,-82.40222
200801801,2008-04-30 08:24:01,CCGS GRIFFON,LAKE ERIE,2,414525,-822408,340,13.0,2008-02-13 14:50:00,1185,9.00,.00,0.02000000,,0,13.800000,CL-F,CHLORIDE,MG/L,41.75694,-82.40222
200801801,2008-04-30 08:24:01,CCGS GRIFFON,LAKE ERIE,3,415607,-813911,880,24.0,2008-02-13 22:45:00,100,.00,.00,0.00000000,,0,.000000,TEMP,TEMPERATURE (OF WATER),DEG C,41.93528,-81.65306
200801801,2008-04-30 08:24:01,CCGS GRIFFON,LAKE ERIE,3,415607,-813911,880,24.0,2008-02-13 22:45:00,227,1.00,.00,0.00500000,,0,.275000,POC,"CARBON,PARTICULATE ORGANIC",MG C/L,41.93528,-81.65306
200801801,2008-04-30 08:24:01,CCGS GRIFFON,LAKE ERIE,3,415607,-813911,880,24.0,2008-02-13 22:45:00,227,22.00,.00,0.00500000,,0,.331000,POC,"CARBON,PARTICULATE ORGANIC",MG C/L,41.93528,-81.65306
200801801,2008-04-30 08:24:01,CCGS GRIFFON,LAKE ERIE,3,415607,-813911,880,24.0,2008-02-13 22:45:00,260,1.00,.00,0.00050000,,0,.025600,TP,"PHOSPHOROUS,TOTAL",MG P/L,41.93528,-81.65306
200801801,2008-04-30 08:24:01,CCGS GRIFFON,LAKE ERIE,3,415607,-813911,880,24.0,2008-02-13 22:45:00,260,22.00,.00,0.00050000,,0,.026800,TP,"PHOSPHOROUS,TOTAL",MG P/L,41.93528,-81.65306
200801801,2008-04-30 08:24:01,CCGS GRIFFON,LAKE ERIE,3,415607,-813911,880,24.0,2008-02-13 22:45:00,263,1.00,.00,0.00020000,,0,.015500,SR P,"PHOSPHOROUS,SOLUBLE REACTIVE,FILTERED",MG P/L,41.93528,-81.65306
200801801,2008-04-30 08:24:01,CCGS GRIFFON,LAKE ERIE,3,415607,-813911,880,24.0,2008-02-13 22:45:00,263,22.00,.00,0.00020000,,0,.015800,SR P,"PHOSPHOROUS,SOLUBLE REACTIVE,FILTERED",MG P/L,41.93528,-81.65306
200801801,2008-04-30 08:24:01,CCGS GRIFFON,LAKE ERIE,3,415607,-813911,880,24.0,2008-02-13 22:45:00,264,1.00,.00,0.00050000,,0,.016500,TF P,"PHOSPHORUS,TOTAL FILTERED",MG P/L,41.93528,-81.65306
200801801,2008-04-30 08:24:01,CCGS GRIFFON,LAKE ERIE,3,415607,-813911,880,24.0,2008-02-13 22:45:00,264,22.00,.00,0.00050000,,0,.016900,TF P,"PHOSPHORUS,TOTAL FILTERED",MG P/L,41.93528,-81.65306
200801801,2008-04-30 08:24:01,CCGS GRIFFON,LAKE ERIE,3,415607,-813911,880,24.0,2008-02-13 22:45:00,268,1.00,.00,0.00200000,,0,.042000,N TP,"NITROGEN,TOTAL PARTICULATE",MG N/L,41.93528,-81.65306
200801801,2008-04-30 08:24:01,CCGS GRIFFON,LAKE ERIE,3,415607,-813911,880,24.0,2008-02-13 22:45:00,268,22.00,.00,0.00200000,,0,.039000,N TP,"NITROGEN,TOTAL PARTICULATE",MG N/L,41.93528,-81.65306
200801801,2008-04-30 08:24:01,CCGS GRIFFON,LAKE ERIE,3,415607,-813911,880,24.0,2008-02-13 22:45:00,291,1.00,.00,0.01400000,,0,.408000,TN F,"TOTAL NITROGEN,FILTERED",MG/L,41.93528,-81.65306
200801801,2008-04-30 08:24:01,CCGS GRIFFON,LAKE ERIE,3,415607,-813911,880,24.0,2008-02-13 22:45:00,291,22.00,.00,0.01400000,,0,.414000,TN F,"TOTAL NITROGEN,FILTERED",MG/L,41.93528,-81.65306
200801801,2008-04-30 08:24:01,CCGS GRIFFON,LAKE ERIE,3,415607,-813911,880,24.0,2008-02-13 22:45:00,295,1.00,.00,0.02000000,,0,1.740000,R SI02,"SILICA,SOLUBLE REACTIVE",MG/L,41.93528,-81.65306
200801801,2008-04-30 08:24:01,CCGS GRIFFON,LAKE ERIE,3,415607,-813911,880,24.0,2008-02-13 22:45:00,295,22.00,.00,0.02000000,,0,1.710000,R SI02,"SILICA,SOLUBLE REACTIVE",MG/L,41.93528,-81.65306
200801801,2008-04-30 08:24:01,CCGS GRIFFON,LAKE ERIE,3,415607,-813911,880,24.0,2008-02-13 22:45:00,437,1.00,.00,0.00500000,<,0,.005000,NH3,"AMMONIA NITROGEN, SOLUBLE",MG N/L,41.93528,-81.65306
200801801,2008-04-30 08:24:01,CCGS GRIFFON,LAKE ERIE,3,415607,-813911,880,24.0,2008-02-13 22:45:00,437,22.00,.00,0.00500000,<,0,.005000,NH3,"AMMONIA NITROGEN, SOLUBLE",MG N/L,41.93528,-81.65306
200801801,2008-04-30 08:24:01,CCGS GRIFFON,LAKE ERIE,3,415607,-813911,880,24.0,2008-02-13 22:45:00,438,1.00,.00,0.00500000,,0,.228000,NO3NO2 F,"NITRATE+NITRITE NITROGEN, FILTERED",MG N/L,41.93528,-81.65306
200801801,2008-04-30 08:24:01,CCGS GRIFFON,LAKE ERIE,3,415607,-813911,880,24.0,2008-02-13 22:45:00,438,22.00,.00,0.00500000,,0,.221000,NO3NO2 F,"NITRATE+NITRITE NITROGEN, FILTERED",MG N/L,41.93528,-81.65306
200801801,2008-04-30 08:24:01,CCGS GRIFFON,LAKE ERIE,3,415607,-813911,880,24.0,2008-02-13 22:45:00,610,1.00,.00,0.10000000,,0,1.100000,CAU,"CHLOROPHYL A, UNCORRECTED",UG/L,41.93528,-81.65306
200801801,2008-04-30 08:24:01,CCGS GRIFFON,LAKE ERIE,3,415607,-813911,880,24.0,2008-02-13 22:45:00,610,22.00,.00,0.10000000,,0,1.100000,CAU,"CHLOROPHYL A, UNCORRECTED",UG/L,41.93528,-81.65306
200801801,2008-04-30 08:24:01,CCGS GRIFFON,LAKE ERIE,3,415607,-813911,880,24.0,2008-02-13 22:45:00,611,1.00,.00,0.10000000,,0,.400000,CAC,"CHLOROPHYLL A, CORRECTED PHAEOPHYTIN",UG/L,41.93528,-81.65306
200801801,2008-04-30 08:24:01,CCGS GRIFFON,LAKE ERIE,3,415607,-813911,880,24.0,2008-02-13 22:45:00,611,22.00,.00,0.10000000,,0,.700000,CAC,"CHLOROPHYLL A, CORRECTED PHAEOPHYTIN",UG/L,41.93528,-81.65306
200801801,2008-04-30 08:24:01,CCGS GRIFFON,LAKE ERIE,3,415607,-813911,880,24.0,2008-02-13 22:45:00,1178,1.00,.00,0.10000000,,0,94.000000,ALKCACO3,"TOTAL ALKALINITY, FILTERED",MG CACO3/L,41.93528,-81.65306
200801801,2008-04-30 08:24:01,CCGS GRIFFON,LAKE ERIE,3,415607,-813911,880,24.0,2008-02-13 22:45:00,1178,22.00,.00,0.10000000,,0,94.600000,ALKCACO3,"TOTAL ALKALINITY, FILTERED",MG CACO3/L,41.93528,-81.65306
200801801,2008-04-30 08:24:01,CCGS GRIFFON,LAKE ERIE,3,415607,-813911,880,24.0,2008-02-13 22:45:00,1184,1.00,.00,0.02000000,,0,23.400000,SO4,SULPHATE,MG/L,41.93528,-81.65306
200801801,2008-04-30 08:24:01,CCGS GRIFFON,LAKE ERIE,3,415607,-813911,880,24.0,2008-02-13 22:45:00,1184,22.00,.00,0.02000000,,0,23.200000,SO4,SULPHATE,MG/L,41.93528,-81.65306
200801801,2008-04-30 08:24:01,CCGS GRIFFON,LAKE ERIE,3,415607,-813911,880,24.0,2008-02-13 22:45:00,1185,1.00,.00,0.02000000,,0,16.600000,CL-F,CHLORIDE,MG/L,41.93528,-81.65306
200801801,2008-04-30 08:24:01,CCGS GRIFFON,LAKE ERIE,3,415607,-813911,880,24.0,2008-02-13 22:45:00,1185,22.00,.00,0.02000000,,0,16.500000,CL-F,CHLORIDE,MG/L,41.93528,-81.65306
200801801,2008-04-30 08:24:01,CCGS GRIFFON,LAKE ERIE,4,415602,-813929,880,24.0,2008-02-14 16:10:00,30,.00,.00,0.00000000,,0,1.000000,SECCHI,SECCHI DISC DEPTH,METRE,41.93389,-81.65806
200801801,2008-04-30 08:24:01,CCGS GRIFFON,LAKE ERIE,4,415602,-813929,880,24.0,2008-02-14 16:10:00,100,.00,.00,0.00000000,,0,.200000,TEMP,TEMPERATURE (OF WATER),DEG C,41.93389,-81.65806
200801801,2008-04-30 08:24:01,CCGS GRIFFON,LAKE ERIE,4,415602,-813929,880,24.0,2008-02-14 16:10:00,227,1.00,.00,0.00500000,,0,.195000,POC,"CARBON,PARTICULATE ORGANIC",MG C/L,41.93389,-81.65806
200801801,2008-04-30 08:24:01,CCGS GRIFFON,LAKE ERIE,4,415602,-813929,880,24.0,2008-02-14 16:10:00,227,1.00,.00,0.00500000,,1,.269000,POC,"CARBON,PARTICULATE ORGANIC",MG C/L,41.93389,-81.65806
200801801,2008-04-30 08:24:01,CCGS GRIFFON,LAKE ERIE,4,415602,-813929,880,24.0,2008-02-14 16:10:00,227,22.00,.00,0.00500000,,0,.282000,POC,"CARBON,PARTICULATE ORGANIC",MG C/L,41.93389,-81.65806
200801801,2008-04-30 08:24:01,CCGS GRIFFON,LAKE ERIE,4,415602,-813929,880,24.0,2008-02-14 16:10:00,260,1.00,.00,0.00050000,,0,.025400,TP,"PHOSPHOROUS,TOTAL",MG P/L,41.93389,-81.65806
200801801,2008-04-30 08:24:01,CCGS GRIFFON,LAKE ERIE,4,415602,-813929,880,24.0,2008-02-14 16:10:00,260,1.00,.00,0.00050000,,1,.026300,TP,"PHOSPHOROUS,TOTAL",MG P/L,41.93389,-81.65806
200801801,2008-04-30 08:24:01,CCGS GRIFFON,LAKE ERIE,4,415602,-813929,880,24.0,2008-02-14 16:10:00,260,22.00,.00,0.00050000,,0,.026400,TP,"PHOSPHOROUS,TOTAL",MG P/L,41.93389,-81.65806
200801801,2008-04-30 08:24:01,CCGS GRIFFON,LAKE ERIE,4,415602,-813929,880,24.0,2008-02-14 16:10:00,263,1.00,.00,0.00020000,,0,.015200,SR P,"PHOSPHOROUS,SOLUBLE REACTIVE,FILTERED",MG P/L,41.93389,-81.65806
200801801,2008-04-30 08:24:01,CCGS GRIFFON,LAKE ERIE,4,415602,-813929,880,24.0,2008-02-14 16:10:00,263,1.00,.00,0.00020000,,1,.015200,SR P,"PHOSPHOROUS,SOLUBLE REACTIVE,FILTERED",MG P/L,41.93389,-81.65806
200801801,2008-04-30 08:24:01,CCGS GRIFFON,LAKE ERIE,4,415602,-813929,880,24.0,2008-02-14 16:10:00,263,22.00,.00,0.00020000,,0,.013200,SR P,"PHOSPHOROUS,SOLUBLE REACTIVE,FILTERED",MG P/L,41.93389,-81.65806
200801801,2008-04-30 08:24:01,CCGS GRIFFON,LAKE ERIE,4,415602,-813929,880,24.0,2008-02-14 16:10:00,264,1.00,.00,0.00050000,,0,.016700,TF P,"PHOSPHORUS,TOTAL FILTERED",MG P/L,41.93389,-81.65806
200801801,2008-04-30 08:24:01,CCGS GRIFFON,LAKE ERIE,4,415602,-813929,880,24.0,2008-02-14 16:10:00,264,1.00,.00,0.00050000,,1,.016900,TF P,"PHOSPHORUS,TOTAL FILTERED",MG P/L,41.93389,-81.65806
200801801,2008-04-30 08:24:01,CCGS GRIFFON,LAKE ERIE,4,415602,-813929,880,24.0,2008-02-14 16:10:00,264,22.00,.00,0.00050000,,0,.017100,TF P,"PHOSPHORUS,TOTAL FILTERED",MG P/L,41.93389,-81.65806
200801801,2008-04-30 08:24:01,CCGS GRIFFON,LAKE ERIE,4,415602,-813929,880,24.0,2008-02-14 16:10:00,268,1.00,.00,0.00200000,,0,.031000,N TP,"NITROGEN,TOTAL PARTICULATE",MG N/L,41.93389,-81.65806
200801801,2008-04-30 08:24:01,CCGS GRIFFON,LAKE ERIE,4,415602,-813929,880,24.0,2008-02-14 16:10:00,268,1.00,.00,0.00200000,,1,.028000,N TP,"NITROGEN,TOTAL PARTICULATE",MG N/L,41.93389,-81.65806
200801801,2008-04-30 08:24:01,CCGS GRIFFON,LAKE ERIE,4,415602,-813929,880,24.0,2008-02-14 16:10:00,268,22.00,.00,0.00200000,,0,.032000,N TP,"NITROGEN,TOTAL PARTICULATE",MG N/L,41.93389,-81.65806
200801801,2008-04-30 08:24:01,CCGS GRIFFON,LAKE ERIE,4,415602,-813929,880,24.0,2008-02-14 16:10:00,291,1.00,.00,0.01400000,,0,.402000,TN F,"TOTAL NITROGEN,FILTERED",MG/L,41.93389,-81.65806
200801801,2008-04-30 08:24:01,CCGS GRIFFON,LAKE ERIE,4,415602,-813929,880,24.0,2008-02-14 16:10:00,291,1.00,.00,0.01400000,,1,.411000,TN F,"TOTAL NITROGEN,FILTERED",MG/L,41.93389,-81.65806
200801801,2008-04-30 08:24:01,CCGS GRIFFON,LAKE ERIE,4,415602,-813929,880,24.0,2008-02-14 16:10:00,291,22.00,.00,0.01400000,,0,.402000,TN F,"TOTAL NITROGEN,FILTERED",MG/L,41.93389,-81.65806
200801801,2008-04-30 08:24:01,CCGS GRIFFON,LAKE ERIE,4,415602,-813929,880,24.0,2008-02-14 16:10:00,295,1.00,.00,0.02000000,,0,1.700000,R SI02,"SILICA,SOLUBLE REACTIVE",MG/L,41.93389,-81.65806
200801801,2008-04-30 08:24:01,CCGS GRIFFON,LAKE ERIE,4,415602,-813929,880,24.0,2008-02-14 16:10:00,295,1.00,.00,0.02000000,,1,1.660000,R SI02,"SILICA,SOLUBLE REACTIVE",MG/L,41.93389,-81.65806
200801801,2008-04-30 08:24:01,CCGS GRIFFON,LAKE ERIE,4,415602,-813929,880,24.0,2008-02-14 16:10:00,295,22.00,.00,0.02000000,,0,1.650000,R SI02,"SILICA,SOLUBLE REACTIVE",MG/L,41.93389,-81.65806
200801801,2008-04-30 08:24:01,CCGS GRIFFON,LAKE ERIE,4,415602,-813929,880,24.0,2008-02-14 16:10:00,437,1.00,.00,0.00500000,<,0,.005000,NH3,"AMMONIA NITROGEN, SOLUBLE",MG N/L,41.93389,-81.65806
200801801,2008-04-30 08:24:01,CCGS GRIFFON,LAKE ERIE,4,415602,-813929,880,24.0,2008-02-14 16:10:00,437,1.00,.00,0.00500000,<,1,.005000,NH3,"AMMONIA NITROGEN, SOLUBLE",MG N/L,41.93389,-81.65806
200801801,2008-04-30 08:24:01,CCGS GRIFFON,LAKE ERIE,4,415602,-813929,880,24.0,2008-02-14 16:10:00,437,22.00,.00,0.00500000,<,0,.005000,NH3,"AMMONIA NITROGEN, SOLUBLE",MG N/L,41.93389,-81.65806
200801801,2008-04-30 08:24:01,CCGS GRIFFON,LAKE ERIE,4,415602,-813929,880,24.0,2008-02-14 16:10:00,438,1.00,.00,0.00500000,,0,.221000,NO3NO2 F,"NITRATE+NITRITE NITROGEN, FILTERED",MG N/L,41.93389,-81.65806
200801801,2008-04-30 08:24:01,CCGS GRIFFON,LAKE ERIE,4,415602,-813929,880,24.0,2008-02-14 16:10:00,438,1.00,.00,0.00500000,,1,.213000,NO3NO2 F,"NITRATE+NITRITE NITROGEN, FILTERED",MG N/L,41.93389,-81.65806
200801801,2008-04-30 08:24:01,CCGS GRIFFON,LAKE ERIE,4,415602,-813929,880,24.0,2008-02-14 16:10:00,438,22.00,.00,0.00500000,,0,.221000,NO3NO2 F,"NITRATE+NITRITE NITROGEN, FILTERED",MG N/L,41.93389,-81.65806
200801801,2008-04-30 08:24:01,CCGS GRIFFON,LAKE ERIE,4,415602,-813929,880,24.0,2008-02-14 16:10:00,610,1.00,.00,0.10000000,,0,1.100000,CAU,"CHLOROPHYL A, UNCORRECTED",UG/L,41.93389,-81.65806
200801801,2008-04-30 08:24:01,CCGS GRIFFON,LAKE ERIE,4,415602,-813929,880,24.0,2008-02-14 16:10:00,610,1.00,.00,0.10000000,,1,1.100000,CAU,"CHLOROPHYL A, UNCORRECTED",UG/L,41.93389,-81.65806
200801801,2008-04-30 08:24:01,CCGS GRIFFON,LAKE ERIE,4,415602,-813929,880,24.0,2008-02-14 16:10:00,610,22.00,.00,0.10000000,,0,1.300000,CAU,"CHLOROPHYL A, UNCORRECTED",UG/L,41.93389,-81.65806
200801801,2008-04-30 08:24:01,CCGS GRIFFON,LAKE ERIE,4,415602,-813929,880,24.0,2008-02-14 16:10:00,611,1.00,.00,0.10000000,,0,.400000,CAC,"CHLOROPHYLL A, CORRECTED PHAEOPHYTIN",UG/L,41.93389,-81.65806
200801801,2008-04-30 08:24:01,CCGS GRIFFON,LAKE ERIE,4,415602,-813929,880,24.0,2008-02-14 16:10:00,611,1.00,.00,0.10000000,,1,.800000,CAC,"CHLOROPHYLL A, CORRECTED PHAEOPHYTIN",UG/L,41.93389,-81.65806
200801801,2008-04-30 08:24:01,CCGS GRIFFON,LAKE ERIE,4,415602,-813929,880,24.0,2008-02-14 16:10:00,611,22.00,.00,0.10000000,,0,.800000,CAC,"CHLOROPHYLL A, CORRECTED PHAEOPHYTIN",UG/L,41.93389,-81.65806
200801801,2008-04-30 08:24:01,CCGS GRIFFON,LAKE ERIE,4,415602,-813929,880,24.0,2008-02-14 16:10:00,1178,1.00,.00,0.10000000,,0,93.700000,ALKCACO3,"TOTAL ALKALINITY, FILTERED",MG CACO3/L,41.93389,-81.65806
200801801,2008-04-30 08:24:01,CCGS GRIFFON,LAKE ERIE,4,415602,-813929,880,24.0,2008-02-14 16:10:00,1178,1.00,.00,0.10000000,,1,88.800000,ALKCACO3,"TOTAL ALKALINITY, FILTERED",MG CACO3/L,41.93389,-81.65806
200801801,2008-04-30 08:24:01,CCGS GRIFFON,LAKE ERIE,4,415602,-813929,880,24.0,2008-02-14 16:10:00,1178,22.00,.00,0.10000000,,0,87.500000,ALKCACO3,"TOTAL ALKALINITY, FILTERED",MG CACO3/L,41.93389,-81.65806
200801801,2008-04-30 08:24:01,CCGS GRIFFON,LAKE ERIE,4,415602,-813929,880,24.0,2008-02-14 16:10:00,1184,1.00,.00,0.02000000,,0,23.800000,SO4,SULPHATE,MG/L,41.93389,-81.65806
200801801,2008-04-30 08:24:01,CCGS GRIFFON,LAKE ERIE,4,415602,-813929,880,24.0,2008-02-14 16:10:00,1184,1.00,.00,0.02000000,,1,29.500000,SO4,SULPHATE,MG/L,41.93389,-81.65806
200801801,2008-04-30 08:24:01,CCGS GRIFFON,LAKE ERIE,4,415602,-813929,880,24.0,2008-02-14 16:10:00,1184,22.00,.00,0.02000000,,0,31.200000,SO4,SULPHATE,MG/L,41.93389,-81.65806
200801801,2008-04-30 08:24:01,CCGS GRIFFON,LAKE ERIE,4,415602,-813929,880,24.0,2008-02-14 16:10:00,1185,1.00,.00,0.02000000,,0,16.600000,CL-F,CHLORIDE,MG/L,41.93389,-81.65806
200801801,2008-04-30 08:24:01,CCGS GRIFFON,LAKE ERIE,4,415602,-813929,880,24.0,2008-02-14 16:10:00,1185,1.00,.00,0.02000000,,1,16.600000,CL-F,CHLORIDE,MG/L,41.93389,-81.65806
200801801,2008-04-30 08:24:01,CCGS GRIFFON,LAKE ERIE,4,415602,-813929,880,24.0,2008-02-14 16:10:00,1185,22.00,.00,0.02000000,,0,16.500000,CL-F,CHLORIDE,MG/L,41.93389,-81.65806
200801801,2008-04-30 08:24:01,CCGS GRIFFON,LAKE ERIE,5,423024,-795400,879,62.7,2008-02-15 13:20:00,30,.00,.00,0.00000000,,0,1.000000,SECCHI,SECCHI DISC DEPTH,METRE,42.50667,-79.90000
200801801,2008-04-30 08:24:01,CCGS GRIFFON,LAKE ERIE,5,423024,-795400,879,62.7,2008-02-15 13:20:00,100,.00,.00,0.00000000,,0,.000000,TEMP,TEMPERATURE (OF WATER),DEG C,42.50667,-79.90000
200801801,2008-04-30 08:24:01,CCGS GRIFFON,LAKE ERIE,5,423024,-795400,879,62.7,2008-02-15 13:20:00,227,1.00,.00,0.00500000,,0,.206000,POC,"CARBON,PARTICULATE ORGANIC",MG C/L,42.50667,-79.90000
200801801,2008-04-30 08:24:01,CCGS GRIFFON,LAKE ERIE,5,423024,-795400,879,62.7,2008-02-15 13:20:00,227,60.00,.00,0.00500000,,0,.251000,POC,"CARBON,PARTICULATE ORGANIC",MG C/L,42.50667,-79.90000
200801801,2008-04-30 08:24:01,CCGS GRIFFON,LAKE ERIE,5,423024,-795400,879,62.7,2008-02-15 13:20:00,260,1.00,.00,0.00050000,,0,.019000,TP,"PHOSPHOROUS,TOTAL",MG P/L,42.50667,-79.90000
200801801,2008-04-30 08:24:01,CCGS GRIFFON,LAKE ERIE,5,423024,-795400,879,62.7,2008-02-15 13:20:00,260,60.00,.00,0.00050000,,0,.019900,TP,"PHOSPHOROUS,TOTAL",MG P/L,42.50667,-79.90000
200801801,2008-04-30 08:24:01,CCGS GRIFFON,LAKE ERIE,5,423024,-795400,879,62.7,2008-02-15 13:20:00,263,1.00,.00,0.00020000,,0,.010300,SR P,"PHOSPHOROUS,SOLUBLE REACTIVE,FILTERED",MG P/L,42.50667,-79.90000
200801801,2008-04-30 08:24:01,CCGS GRIFFON,LAKE ERIE,5,423024,-795400,879,62.7,2008-02-15 13:20:00,263,60.00,.00,0.00020000,,0,.010700,SR P,"PHOSPHOROUS,SOLUBLE REACTIVE,FILTERED",MG P/L,42.50667,-79.90000
200801801,2008-04-30 08:24:01,CCGS GRIFFON,LAKE ERIE,5,423024,-795400,879,62.7,2008-02-15 13:20:00,264,1.00,.00,0.00050000,,0,.012200,TF P,"PHOSPHORUS,TOTAL FILTERED",MG P/L,42.50667,-79.90000
200801801,2008-04-30 08:24:01,CCGS GRIFFON,LAKE ERIE,5,423024,-795400,879,62.7,2008-02-15 13:20:00,264,60.00,.00,0.00050000,,0,.012400,TF P,"PHOSPHORUS,TOTAL FILTERED",MG P/L,42.50667,-79.90000
200801801,2008-04-30 08:24:01,CCGS GRIFFON,LAKE ERIE,5,423024,-795400,879,62.7,2008-02-15 13:20:00,268,1.00,.00,0.00200000,,0,.023000,N TP,"NITROGEN,TOTAL PARTICULATE",MG N/L,42.50667,-79.90000
200801801,2008-04-30 08:24:01,CCGS GRIFFON,LAKE ERIE,5,423024,-795400,879,62.7,2008-02-15 13:20:00,268,60.00,.00,0.00200000,,0,.042000,N TP,"NITROGEN,TOTAL PARTICULATE",MG N/L,42.50667,-79.90000
200801801,2008-04-30 08:24:01,CCGS GRIFFON,LAKE ERIE,5,423024,-795400,879,62.7,2008-02-15 13:20:00,291,1.00,.00,0.01400000,,0,.419000,TN F,"TOTAL NITROGEN,FILTERED",MG/L,42.50667,-79.90000
200801801,2008-04-30 08:24:01,CCGS GRIFFON,LAKE ERIE,5,423024,-795400,879,62.7,2008-02-15 13:20:00,291,60.00,.00,0.01400000,,0,.429000,TN F,"TOTAL NITROGEN,FILTERED",MG/L,42.50667,-79.90000
200801801,2008-04-30 08:24:01,CCGS GRIFFON,LAKE ERIE,5,423024,-795400,879,62.7,2008-02-15 13:20:00,295,1.00,.00,0.02000000,,0,.890000,R SI02,"SILICA,SOLUBLE REACTIVE",MG/L,42.50667,-79.90000
200801801,2008-04-30 08:24:01,CCGS GRIFFON,LAKE ERIE,5,423024,-795400,879,62.7,2008-02-15 13:20:00,295,60.00,.00,0.02000000,,0,.880000,R SI02,"SILICA,SOLUBLE REACTIVE",MG/L,42.50667,-79.90000
200801801,2008-04-30 08:24:01,CCGS GRIFFON,LAKE ERIE,5,423024,-795400,879,62.7,2008-02-15 13:20:00,437,1.00,.00,0.00500000,,0,.005000,NH3,"AMMONIA NITROGEN, SOLUBLE",MG N/L,42.50667,-79.90000
200801801,2008-04-30 08:24:01,CCGS GRIFFON,LAKE ERIE,5,423024,-795400,879,62.7,2008-02-15 13:20:00,437,60.00,.00,0.00500000,,0,.008000,NH3,"AMMONIA NITROGEN, SOLUBLE",MG N/L,42.50667,-79.90000
200801801,2008-04-30 08:24:01,CCGS GRIFFON,LAKE ERIE,5,423024,-795400,879,62.7,2008-02-15 13:20:00,438,1.00,.00,0.00500000,,0,.244000,NO3NO2 F,"NITRATE+NITRITE NITROGEN, FILTERED",MG N/L,42.50667,-79.90000
200801801,2008-04-30 08:24:01,CCGS GRIFFON,LAKE ERIE,5,423024,-795400,879,62.7,2008-02-15 13:20:00,438,60.00,.00,0.00500000,,0,.236000,NO3NO2 F,"NITRATE+NITRITE NITROGEN, FILTERED",MG N/L,42.50667,-79.90000
200801801,2008-04-30 08:24:01,CCGS GRIFFON,LAKE ERIE,5,423024,-795400,879,62.7,2008-02-15 13:20:00,610,1.00,.00,0.10000000,,0,.600000,CAU,"CHLOROPHYL A, UNCORRECTED",UG/L,42.50667,-79.90000
200801801,2008-04-30 08:24:01,CCGS GRIFFON,LAKE ERIE,5,423024,-795400,879,62.7,2008-02-15 13:20:00,610,60.00,.00,0.10000000,,0,.400000,CAU,"CHLOROPHYL A, UNCORRECTED",UG/L,42.50667,-79.90000
200801801,2008-04-30 08:24:01,CCGS GRIFFON,LAKE ERIE,5,423024,-795400,879,62.7,2008-02-15 13:20:00,611,1.00,.00,0.10000000,,0,.400000,CAC,"CHLOROPHYLL A, CORRECTED PHAEOPHYTIN",UG/L,42.50667,-79.90000
200801801,2008-04-30 08:24:01,CCGS GRIFFON,LAKE ERIE,5,423024,-795400,879,62.7,2008-02-15 13:20:00,611,60.00,.00,0.10000000,<,0,.100000,CAC,"CHLOROPHYLL A, CORRECTED PHAEOPHYTIN",UG/L,42.50667,-79.90000
200801801,2008-04-30 08:24:01,CCGS GRIFFON,LAKE ERIE,5,423024,-795400,879,62.7,2008-02-15 13:20:00,1178,1.00,.00,0.10000000,,0,94.100000,ALKCACO3,"TOTAL ALKALINITY, FILTERED",MG CACO3/L,42.50667,-79.90000
200801801,2008-04-30 08:24:01,CCGS GRIFFON,LAKE ERIE,5,423024,-795400,879,62.7,2008-02-15 13:20:00,1178,60.00,.00,0.10000000,,0,92.100000,ALKCACO3,"TOTAL ALKALINITY, FILTERED",MG CACO3/L,42.50667,-79.90000
200801801,2008-04-30 08:24:01,CCGS GRIFFON,LAKE ERIE,5,423024,-795400,879,62.7,2008-02-15 13:20:00,1184,1.00,.00,0.02000000,,0,23.800000,SO4,SULPHATE,MG/L,42.50667,-79.90000
200801801,2008-04-30 08:24:01,CCGS GRIFFON,LAKE ERIE,5,423024,-795400,879,62.7,2008-02-15 13:20:00,1184,60.00,.00,0.02000000,,0,25.900000,SO4,SULPHATE,MG/L,42.50667,-79.90000
200801801,2008-04-30 08:24:01,CCGS GRIFFON,LAKE ERIE,5,423024,-795400,879,62.7,2008-02-15 13:20:00,1185,1.00,.00,0.02000000,,0,17.200000,CL-F,CHLORIDE,MG/L,42.50667,-79.90000
200801801,2008-04-30 08:24:01,CCGS GRIFFON,LAKE ERIE,5,423024,-795400,879,62.7,2008-02-15 13:20:00,1185,60.00,.00,0.02000000,,0,17.200000,CL-F,CHLORIDE,MG/L,42.50667,-79.90000
200801801,2008-04-30 08:24:01,CCGS GRIFFON,LAKE ERIE,6,421459,-810623,949,22.4,2008-02-15 21:45:00,100,.00,.00,0.00000000,,0,.000000,TEMP,TEMPERATURE (OF WATER),DEG C,42.24972,-81.10639
200801801,2008-04-30 08:24:01,CCGS GRIFFON,LAKE ERIE,6,421459,-810623,949,22.4,2008-02-15 21:45:00,227,1.00,.00,0.00500000,,0,.360000,POC,"CARBON,PARTICULATE ORGANIC",MG C/L,42.24972,-81.10639
200801801,2008-04-30 08:24:01,CCGS GRIFFON,LAKE ERIE,6,421459,-810623,949,22.4,2008-02-15 21:45:00,227,20.00,.00,0.00500000,,0,.310000,POC,"CARBON,PARTICULATE ORGANIC",MG C/L,42.24972,-81.10639
200801801,2008-04-30 08:24:01,CCGS GRIFFON,LAKE ERIE,6,421459,-810623,949,22.4,2008-02-15 21:45:00,260,1.00,.00,0.00050000,,0,.025300,TP,"PHOSPHOROUS,TOTAL",MG P/L,42.24972,-81.10639
200801801,2008-04-30 08:24:01,CCGS GRIFFON,LAKE ERIE,6,421459,-810623,949,22.4,2008-02-15 21:45:00,260,20.00,.00,0.00050000,,0,.025200,TP,"PHOSPHOROUS,TOTAL",MG P/L,42.24972,-81.10639
200801801,2008-04-30 08:24:01,CCGS GRIFFON,LAKE ERIE,6,421459,-810623,949,22.4,2008-02-15 21:45:00,260,999.00,.00,0.00050000,<,0,.000500,TP,"PHOSPHOROUS,TOTAL",MG P/L,42.24972,-81.10639
200801801,2008-04-30 08:24:01,CCGS GRIFFON,LAKE ERIE,6,421459,-810623,949,22.4,2008-02-15 21:45:00,263,1.00,.00,0.00020000,,0,.010800,SR P,"PHOSPHOROUS,SOLUBLE REACTIVE,FILTERED",MG P/L,42.24972,-81.10639
200801801,2008-04-30 08:24:01,CCGS GRIFFON,LAKE ERIE,6,421459,-810623,949,22.4,2008-02-15 21:45:00,263,20.00,.00,0.00020000,,0,.010900,SR P,"PHOSPHOROUS,SOLUBLE REACTIVE,FILTERED",MG P/L,42.24972,-81.10639
200801801,2008-04-30 08:24:01,CCGS GRIFFON,LAKE ERIE,6,421459,-810623,949,22.4,2008-02-15 21:45:00,263,999.00,.00,0.00020000,,0,.000300,SR P,"PHOSPHOROUS,SOLUBLE REACTIVE,FILTERED",MG P/L,42.24972,-81.10639
200801801,2008-04-30 08:24:01,CCGS GRIFFON,LAKE ERIE,6,421459,-810623,949,22.4,2008-02-15 21:45:00,264,1.00,.00,0.00050000,,0,.012200,TF P,"PHOSPHORUS,TOTAL FILTERED",MG P/L,42.24972,-81.10639
200801801,2008-04-30 08:24:01,CCGS GRIFFON,LAKE ERIE,6,421459,-810623,949,22.4,2008-02-15 21:45:00,264,20.00,.00,0.00050000,,0,.012300,TF P,"PHOSPHORUS,TOTAL FILTERED",MG P/L,42.24972,-81.10639
200801801,2008-04-30 08:24:01,CCGS GRIFFON,LAKE ERIE,6,421459,-810623,949,22.4,2008-02-15 21:45:00,264,999.00,.00,0.00050000,,0,.000600,TF P,"PHOSPHORUS,TOTAL FILTERED",MG P/L,42.24972,-81.10639
200801801,2008-04-30 08:24:01,CCGS GRIFFON,LAKE ERIE,6,421459,-810623,949,22.4,2008-02-15 21:45:00,268,1.00,.00,0.00200000,,0,.053000,N TP,"NITROGEN,TOTAL PARTICULATE",MG N/L,42.24972,-81.10639
200801801,2008-04-30 08:24:01,CCGS GRIFFON,LAKE ERIE,6,421459,-810623,949,22.4,2008-02-15 21:45:00,268,20.00,.00,0.00200000,,0,.056000,N TP,"NITROGEN,TOTAL PARTICULATE",MG N/L,42.24972,-81.10639
200801801,2008-04-30 08:24:01,CCGS GRIFFON,LAKE ERIE,6,421459,-810623,949,22.4,2008-02-15 21:45:00,291,1.00,.00,0.01400000,,0,.374000,TN F,"TOTAL NITROGEN,FILTERED",MG/L,42.24972,-81.10639
200801801,2008-04-30 08:24:01,CCGS GRIFFON,LAKE ERIE,6,421459,-810623,949,22.4,2008-02-15 21:45:00,291,20.00,.00,0.01400000,,0,.375000,TN F,"TOTAL NITROGEN,FILTERED",MG/L,42.24972,-81.10639
200801801,2008-04-30 08:24:01,CCGS GRIFFON,LAKE ERIE,6,421459,-810623,949,22.4,2008-02-15 21:45:00,291,999.00,.00,0.01400000,,0,.025000,TN F,"TOTAL NITROGEN,FILTERED",MG/L,42.24972,-81.10639
200801801,2008-04-30 08:24:01,CCGS GRIFFON,LAKE ERIE,6,421459,-810623,949,22.4,2008-02-15 21:45:00,295,1.00,.00,0.02000000,,0,.990000,R SI02,"SILICA,SOLUBLE REACTIVE",MG/L,42.24972,-81.10639
200801801,2008-04-30 08:24:01,CCGS GRIFFON,LAKE ERIE,6,421459,-810623,949,22.4,2008-02-15 21:45:00,295,20.00,.00,0.02000000,,0,.980000,R SI02,"SILICA,SOLUBLE REACTIVE",MG/L,42.24972,-81.10639
200801801,2008-04-30 08:24:01,CCGS GRIFFON,LAKE ERIE,6,421459,-810623,949,22.4,2008-02-15 21:45:00,295,999.00,.00,0.02000000,<,0,.020000,R SI02,"SILICA,SOLUBLE REACTIVE",MG/L,42.24972,-81.10639
200801801,2008-04-30 08:24:01,CCGS GRIFFON,LAKE ERIE,6,421459,-810623,949,22.4,2008-02-15 21:45:00,437,1.00,.00,0.00500000,<,0,.005000,NH3,"AMMONIA NITROGEN, SOLUBLE",MG N/L,42.24972,-81.10639
200801801,2008-04-30 08:24:01,CCGS GRIFFON,LAKE ERIE,6,421459,-810623,949,22.4,2008-02-15 21:45:00,437,20.00,.00,0.00500000,<,0,.005000,NH3,"AMMONIA NITROGEN, SOLUBLE",MG N/L,42.24972,-81.10639
200801801,2008-04-30 08:24:01,CCGS GRIFFON,LAKE ERIE,6,421459,-810623,949,22.4,2008-02-15 21:45:00,437,999.00,.00,0.00500000,<,0,.005000,NH3,"AMMONIA NITROGEN, SOLUBLE",MG N/L,42.24972,-81.10639
200801801,2008-04-30 08:24:01,CCGS GRIFFON,LAKE ERIE,6,421459,-810623,949,22.4,2008-02-15 21:45:00,438,1.00,.00,0.00500000,,0,.192000,NO3NO2 F,"NITRATE+NITRITE NITROGEN, FILTERED",MG N/L,42.24972,-81.10639
200801801,2008-04-30 08:24:01,CCGS GRIFFON,LAKE ERIE,6,421459,-810623,949,22.4,2008-02-15 21:45:00,438,20.00,.00,0.00500000,,0,.196000,NO3NO2 F,"NITRATE+NITRITE NITROGEN, FILTERED",MG N/L,42.24972,-81.10639
200801801,2008-04-30 08:24:01,CCGS GRIFFON,LAKE ERIE,6,421459,-810623,949,22.4,2008-02-15 21:45:00,438,999.00,.00,0.00500000,<,0,.005000,NO3NO2 F,"NITRATE+NITRITE NITROGEN, FILTERED",MG N/L,42.24972,-81.10639
200801801,2008-04-30 08:24:01,CCGS GRIFFON,LAKE ERIE,6,421459,-810623,949,22.4,2008-02-15 21:45:00,610,1.00,.00,0.10000000,,0,1.600000,CAU,"CHLOROPHYL A, UNCORRECTED",UG/L,42.24972,-81.10639
200801801,2008-04-30 08:24:01,CCGS GRIFFON,LAKE ERIE,6,421459,-810623,949,22.4,2008-02-15 21:45:00,610,20.00,.00,0.10000000,,0,1.500000,CAU,"CHLOROPHYL A, UNCORRECTED",UG/L,42.24972,-81.10639
200801801,2008-04-30 08:24:01,CCGS GRIFFON,LAKE ERIE,6,421459,-810623,949,22.4,2008-02-15 21:45:00,611,1.00,.00,0.10000000,,0,.800000,CAC,"CHLOROPHYLL A, CORRECTED PHAEOPHYTIN",UG/L,42.24972,-81.10639
200801801,2008-04-30 08:24:01,CCGS GRIFFON,LAKE ERIE,6,421459,-810623,949,22.4,2008-02-15 21:45:00,611,20.00,.00,0.10000000,,0,.700000,CAC,"CHLOROPHYLL A, CORRECTED PHAEOPHYTIN",UG/L,42.24972,-81.10639
200801801,2008-04-30 08:24:01,CCGS GRIFFON,LAKE ERIE,6,421459,-810623,949,22.4,2008-02-15 21:45:00,1178,1.00,.00,0.10000000,,0,94.000000,ALKCACO3,"TOTAL ALKALINITY, FILTERED",MG CACO3/L,42.24972,-81.10639
200801801,2008-04-30 08:24:01,CCGS GRIFFON,LAKE ERIE,6,421459,-810623,949,22.4,2008-02-15 21:45:00,1178,20.00,.00,0.10000000,,0,88.800000,ALKCACO3,"TOTAL ALKALINITY, FILTERED",MG CACO3/L,42.24972,-81.10639
200801801,2008-04-30 08:24:01,CCGS GRIFFON,LAKE ERIE,6,421459,-810623,949,22.4,2008-02-15 21:45:00,1180,999.00,.00,-999.00000000,,0,-3.590000,ALKCACO3,"ALKALINITY, GRAN, FILTERED",MG CACO3/L,42.24972,-81.10639
200801801,2008-04-30 08:24:01,CCGS GRIFFON,LAKE ERIE,6,421459,-810623,949,22.4,2008-02-15 21:45:00,1184,1.00,.00,0.02000000,,0,23.100000,SO4,SULPHATE,MG/L,42.24972,-81.10639
200801801,2008-04-30 08:24:01,CCGS GRIFFON,LAKE ERIE,6,421459,-810623,949,22.4,2008-02-15 21:45:00,1184,20.00,.00,0.02000000,,0,27.400000,SO4,SULPHATE,MG/L,42.24972,-81.10639
200801801,2008-04-30 08:24:01,CCGS GRIFFON,LAKE ERIE,6,421459,-810623,949,22.4,2008-02-15 21:45:00,1184,999.00,.00,0.02000000,,0,3.110000,SO4,SULPHATE,MG/L,42.24972,-81.10639
200801801,2008-04-30 08:24:01,CCGS GRIFFON,LAKE ERIE,6,421459,-810623,949,22.4,2008-02-15 21:45:00,1185,1.00,.00,0.02000000,,0,16.200000,CL-F,CHLORIDE,MG/L,42.24972,-81.10639
200801801,2008-04-30 08:24:01,CCGS GRIFFON,LAKE ERIE,6,421459,-810623,949,22.4,2008-02-15 21:45:00,1185,20.00,.00,0.02000000,,0,16.100000,CL-F,CHLORIDE,MG/L,42.24972,-81.10639
200801801,2008-04-30 08:24:01,CCGS GRIFFON,LAKE ERIE,6,421459,-810623,949,22.4,2008-02-15 21:45:00,1185,999.00,.00,0.02000000,<,0,.020000,CL-F,CHLORIDE,MG/L,42.24972,-81.10639
200801801,2008-04-30 08:24:01,CCGS GRIFFON,LAKE ERIE,7,415826,-811618,1026,20.2,2008-02-16 10:20:00,30,.00,.00,0.00000000,,0,1.500000,SECCHI,SECCHI DISC DEPTH,METRE,41.97389,-81.27167
200801801,2008-04-30 08:24:01,CCGS GRIFFON,LAKE ERIE,7,415826,-811618,1026,20.2,2008-02-16 10:20:00,100,.00,.00,0.00000000,,0,.000000,TEMP,TEMPERATURE (OF WATER),DEG C,41.97389,-81.27167
200801801,2008-04-30 08:24:01,CCGS GRIFFON,LAKE ERIE,7,415826,-811618,1026,20.2,2008-02-16 10:20:00,227,1.00,.00,0.00500000,,0,.215000,POC,"CARBON,PARTICULATE ORGANIC",MG C/L,41.97389,-81.27167
200801801,2008-04-30 08:24:01,CCGS GRIFFON,LAKE ERIE,7,415826,-811618,1026,20.2,2008-02-16 10:20:00,227,18.00,.00,0.00500000,,0,.295000,POC,"CARBON,PARTICULATE ORGANIC",MG C/L,41.97389,-81.27167
200801801,2008-04-30 08:24:01,CCGS GRIFFON,LAKE ERIE,7,415826,-811618,1026,20.2,2008-02-16 10:20:00,260,1.00,.00,0.00050000,,0,.013700,TP,"PHOSPHOROUS,TOTAL",MG P/L,41.97389,-81.27167
200801801,2008-04-30 08:24:01,CCGS GRIFFON,LAKE ERIE,7,415826,-811618,1026,20.2,2008-02-16 10:20:00,260,18.00,.00,0.00050000,,0,.015400,TP,"PHOSPHOROUS,TOTAL",MG P/L,41.97389,-81.27167
200801801,2008-04-30 08:24:01,CCGS GRIFFON,LAKE ERIE,7,415826,-811618,1026,20.2,2008-02-16 10:20:00,263,1.00,.00,0.00020000,,0,.005500,SR P,"PHOSPHOROUS,SOLUBLE REACTIVE,FILTERED",MG P/L,41.97389,-81.27167
200801801,2008-04-30 08:24:01,CCGS GRIFFON,LAKE ERIE,7,415826,-811618,1026,20.2,2008-02-16 10:20:00,263,18.00,.00,0.00020000,,0,.005600,SR P,"PHOSPHOROUS,SOLUBLE REACTIVE,FILTERED",MG P/L,41.97389,-81.27167
200801801,2008-04-30 08:24:01,CCGS GRIFFON,LAKE ERIE,7,415826,-811618,1026,20.2,2008-02-16 10:20:00,264,1.00,.00,0.00050000,,0,.008300,TF P,"PHOSPHORUS,TOTAL FILTERED",MG P/L,41.97389,-81.27167
200801801,2008-04-30 08:24:01,CCGS GRIFFON,LAKE ERIE,7,415826,-811618,1026,20.2,2008-02-16 10:20:00,264,18.00,.00,0.00050000,,0,.008000,TF P,"PHOSPHORUS,TOTAL FILTERED",MG P/L,41.97389,-81.27167
200801801,2008-04-30 08:24:01,CCGS GRIFFON,LAKE ERIE,7,415826,-811618,1026,20.2,2008-02-16 10:20:00,268,1.00,.00,0.00200000,,0,.028000,N TP,"NITROGEN,TOTAL PARTICULATE",MG N/L,41.97389,-81.27167
200801801,2008-04-30 08:24:01,CCGS GRIFFON,LAKE ERIE,7,415826,-811618,1026,20.2,2008-02-16 10:20:00,268,18.00,.00,0.00200000,,0,.061000,N TP,"NITROGEN,TOTAL PARTICULATE",MG N/L,41.97389,-81.27167
200801801,2008-04-30 08:24:01,CCGS GRIFFON,LAKE ERIE,7,415826,-811618,1026,20.2,2008-02-16 10:20:00,291,1.00,.00,0.01400000,,0,.280000,TN F,"TOTAL NITROGEN,FILTERED",MG/L,41.97389,-81.27167
200801801,2008-04-30 08:24:01,CCGS GRIFFON,LAKE ERIE,7,415826,-811618,1026,20.2,2008-02-16 10:20:00,291,18.00,.00,0.01400000,,0,.294000,TN F,"TOTAL NITROGEN,FILTERED",MG/L,41.97389,-81.27167
200801801,2008-04-30 08:24:01,CCGS GRIFFON,LAKE ERIE,7,415826,-811618,1026,20.2,2008-02-16 10:20:00,295,1.00,.00,0.02000000,,0,.250000,R SI02,"SILICA,SOLUBLE REACTIVE",MG/L,41.97389,-81.27167
200801801,2008-04-30 08:24:01,CCGS GRIFFON,LAKE ERIE,7,415826,-811618,1026,20.2,2008-02-16 10:20:00,295,18.00,.00,0.02000000,,0,.250000,R SI02,"SILICA,SOLUBLE REACTIVE",MG/L,41.97389,-81.27167
200801801,2008-04-30 08:24:01,CCGS GRIFFON,LAKE ERIE,7,415826,-811618,1026,20.2,2008-02-16 10:20:00,437,1.00,.00,0.00500000,<,0,.005000,NH3,"AMMONIA NITROGEN, SOLUBLE",MG N/L,41.97389,-81.27167
200801801,2008-04-30 08:24:01,CCGS GRIFFON,LAKE ERIE,7,415826,-811618,1026,20.2,2008-02-16 10:20:00,437,18.00,.00,0.00500000,<,0,.005000,NH3,"AMMONIA NITROGEN, SOLUBLE",MG N/L,41.97389,-81.27167
200801801,2008-04-30 08:24:01,CCGS GRIFFON,LAKE ERIE,7,415826,-811618,1026,20.2,2008-02-16 10:20:00,438,1.00,.00,0.00500000,,0,.112000,NO3NO2 F,"NITRATE+NITRITE NITROGEN, FILTERED",MG N/L,41.97389,-81.27167
200801801,2008-04-30 08:24:01,CCGS GRIFFON,LAKE ERIE,7,415826,-811618,1026,20.2,2008-02-16 10:20:00,438,18.00,.00,0.00500000,,0,.114000,NO3NO2 F,"NITRATE+NITRITE NITROGEN, FILTERED",MG N/L,41.97389,-81.27167
200801801,2008-04-30 08:24:01,CCGS GRIFFON,LAKE ERIE,7,415826,-811618,1026,20.2,2008-02-16 10:20:00,610,1.00,.00,0.10000000,,0,2.800000,CAU,"CHLOROPHYL A, UNCORRECTED",UG/L,41.97389,-81.27167
200801801,2008-04-30 08:24:01,CCGS GRIFFON,LAKE ERIE,7,415826,-811618,1026,20.2,2008-02-16 10:20:00,610,18.00,.00,0.10000000,,0,3.300000,CAU,"CHLOROPHYL A, UNCORRECTED",UG/L,41.97389,-81.27167
200801801,2008-04-30 08:24:01,CCGS GRIFFON,LAKE ERIE,7,415826,-811618,1026,20.2,2008-02-16 10:20:00,611,1.00,.00,0.10000000,,0,3.100000,CAC,"CHLOROPHYLL A, CORRECTED PHAEOPHYTIN",UG/L,41.97389,-81.27167
200801801,2008-04-30 08:24:01,CCGS GRIFFON,LAKE ERIE,7,415826,-811618,1026,20.2,2008-02-16 10:20:00,611,18.00,.00,0.10000000,,0,3.500000,CAC,"CHLOROPHYLL A, CORRECTED PHAEOPHYTIN",UG/L,41.97389,-81.27167
200801801,2008-04-30 08:24:01,CCGS GRIFFON,LAKE ERIE,7,415826,-811618,1026,20.2,2008-02-16 10:20:00,1178,1.00,.00,0.10000000,,0,95.700000,ALKCACO3,"TOTAL ALKALINITY, FILTERED",MG CACO3/L,41.97389,-81.27167
200801801,2008-04-30 08:24:01,CCGS GRIFFON,LAKE ERIE,7,415826,-811618,1026,20.2,2008-02-16 10:20:00,1178,18.00,.00,0.10000000,,0,94.900000,ALKCACO3,"TOTAL ALKALINITY, FILTERED",MG CACO3/L,41.97389,-81.27167
200801801,2008-04-30 08:24:01,CCGS GRIFFON,LAKE ERIE,7,415826,-811618,1026,20.2,2008-02-16 10:20:00,1184,1.00,.00,0.02000000,,0,23.500000,SO4,SULPHATE,MG/L,41.97389,-81.27167
200801801,2008-04-30 08:24:01,CCGS GRIFFON,LAKE ERIE,7,415826,-811618,1026,20.2,2008-02-16 10:20:00,1184,18.00,.00,0.02000000,,0,23.400000,SO4,SULPHATE,MG/L,41.97389,-81.27167
200801801,2008-04-30 08:24:01,CCGS GRIFFON,LAKE ERIE,7,415826,-811618,1026,20.2,2008-02-16 10:20:00,1185,1.00,.00,0.02000000,,0,16.800000,CL-F,CHLORIDE,MG/L,41.97389,-81.27167
200801801,2008-04-30 08:24:01,CCGS GRIFFON,LAKE ERIE,7,415826,-811618,1026,20.2,2008-02-16 10:20:00,1185,18.00,.00,0.02000000,,0,16.800000,CL-F,CHLORIDE,MG/L,41.97389,-81.27167
