WATER_BODY,PSN,TARGET_LATITUDE,TARGET_LONGITUDE
GEORGIAN BAY,1,44.718,-80.857
GEORGIAN BAY,11,44.921,-80.606
GEORGIAN BAY,12,44.92,-80.875
GEORGIAN BAY,122,45.325,-80.117
GEORGIAN BAY,15,45.167,-80.297
GEORGIAN BAY,16,45.354,-80.487
GEORGIAN BAY,1614,45.2725,-81.6369
GEORGIAN BAY,17,45.245,-80.875
GEORGIAN BAY,19,45.067,-81.254
GEORGIAN BAY,200,45.3,-81.5986
GEORGIAN BAY,203,45.2722,-81.62
GEORGIAN BAY,21,45.365,-81.19
GEORGIAN BAY,24,45.679,-80.839
GEORGIAN BAY,26,45.833,-80.9
GEORGIAN BAY,261,45.711,-81.391
GEORGIAN BAY,27,45.867,-81
GEORGIAN BAY,29,45.583,-81.083
GEORGIAN BAY,3,44.725,-80.617
GEORGIAN BAY,31,45.238,-81.44
GEORGIAN BAY,33,45.37,-81.585
GEORGIAN BAY,35,45.528,-81.669
GEORGIAN BAY,36,45.708,-81.62
GEORGIAN BAY,39,45.873,-81.258
GEORGIAN BAY,4,44.646,-80.167
GEORGIAN BAY,42,45.913,-81.595
GEORGIAN BAY,43,45.831,-81.789
GEORGIAN BAY,44,45.972,-81.699
GEORGIAN BAY,46,45.762,-81.795
GEORGIAN BAY,47,45.991,-81.733
GEORGIAN BAY,48,46.007,-81.733
GEORGIAN BAY,499,44.705,-80.627
GEORGIAN BAY,5,44.797,-80.243
GEORGIAN BAY,50,45.535,-82.045
GEORGIAN BAY,500,44.72,-80.523
GEORGIAN BAY,501,44.729,-80.469
GEORGIAN BAY,6,44.737,-80.435
GEORGIAN BAY,8,44.953,-80.149
GEORGIAN BAY,9,44.872,-79.968
LAKE ERIE,1026,41.9739,-81.2717
LAKE ERIE,1029,41.8211,-82.5875
LAKE ERIE,1040,42.5333,-79.7833
LAKE ERIE,1045,42.4475,-80.1483
LAKE ERIE,1046,42.2706,-80.1492
LAKE ERIE,1048,42.1806,-80.3931
LAKE ERIE,1053,42.1817,-80.8725
LAKE ERIE,1056,42.0031,-81.1194
LAKE ERIE,1057,42.3631,-81.1233
LAKE ERIE,107,42.0164,-82.6664
LAKE ERIE,1076,41.8111,-82.3244
LAKE ERIE,1079,41.6314,-82.4367
LAKE ERIE,1086,41.7125,-83.0417
LAKE ERIE,1088,41.8008,-83.1675
LAKE ERIE,1104,42.4497,-80.4997
LAKE ERIE,1156,42.0458,-83.1361
LAKE ERIE,1163,41.469,-82.714
LAKE ERIE,1164,41.9011,-82.5983
LAKE ERIE,1165,41.9992,-82.7283
LAKE ERIE,12,42.8083,-79.5878
LAKE ERIE,1201,41.7619,-82.9853
LAKE ERIE,1207,42.6494,-81.0022
LAKE ERIE,1208,42.6419,-81.0089
LAKE ERIE,1209,42.6208,-80.7842
LAKE ERIE,1210,42.5919,-80.8036
LAKE ERIE,1211,42.5656,-80.7825
LAKE ERIE,1212,42.5256,-80.7836
LAKE ERIE,1213,42.4828,-80.7836
LAKE ERIE,1214,42.6383,-81.0267
LAKE ERIE,1215,42.6164,-81.0269
LAKE ERIE,1216,42.5828,-81.0264
LAKE ERIE,1217,42.5411,-81.0264
LAKE ERIE,1218,42.4997,-81.0261
LAKE ERIE,1219,42.6444,-81.2428
LAKE ERIE,1220,42.6253,-81.2442
LAKE ERIE,1221,42.5925,-81.2442
LAKE ERIE,1222,42.5514,-81.2453
LAKE ERIE,1223,42.5086,-81.2444
LAKE ERIE,1236,42.811,-79.565
LAKE ERIE,1237,42.766,-79.556
LAKE ERIE,1238,42.633,-81.21
LAKE ERIE,1239,42.615,-81.209
LAKE ERIE,1240,42.57,-81.203
LAKE ERIE,1257,42.65,-81.211
LAKE ERIE,1262,42.6525,-81.2069
LAKE ERIE,1286,42.8508,-79.5794
LAKE ERIE,1290,41.735,-81.6969
LAKE ERIE,1292,42.6267,-80.8028
LAKE ERIE,1297,42.0367,-83.1344
LAKE ERIE,1326,41.7325,-81.7014
LAKE ERIE,1328,41.9186,-82.9717
LAKE ERIE,1332,41.8733,-82.7097
LAKE ERIE,1339,41.9689,-82.2081
LAKE ERIE,1344,42.8103,-79.5339
LAKE ERIE,1348,42.8114,-79.4881
LAKE ERIE,1356,42.7903,-79.7572
LAKE ERIE,1365,42.0969,-82.1428
LAKE ERIE,1370,42.199,-81.412
LAKE ERIE,1431,42.5,-79.4247
LAKE ERIE,1461,41.9481,-82.9817
LAKE ERIE,1462,41.96,-82.8628
LAKE ERIE,1463,41.9739,-82.8044
LAKE ERIE,1464,42.0097,-82.7469
LAKE ERIE,1465,41.9861,-82.8544
LAKE ERIE,1466,41.9972,-82.9806
LAKE ERIE,1533,42.68,-79.6917
LAKE ERIE,1534,42.43,-81.205
LAKE ERIE,1535,42.0817,-81.0117
LAKE ERIE,1536,41.935,-81.4783
LAKE ERIE,1537,41.965,-82.0417
LAKE ERIE,1538,41.7883,-81.945
LAKE ERIE,1539,41.685,-82.9333
LAKE ERIE,1540,41.9778,-81.7569
LAKE ERIE,1541,42.1167,-81.25
LAKE ERIE,1542,41.8408,-82.9167
LAKE ERIE,196,41.8528,-82.5261
LAKE ERIE,205,42.3325,-80.3664
LAKE ERIE,215,41.733,-83.386
LAKE ERIE,216A,41.9781,-82.5514
LAKE ERIE,218,42.051,-82.434
LAKE ERIE,254,41.9547,-82.6839
LAKE ERIE,311,41.5833,-80.4658
LAKE ERIE,318,41.6667,-82.2828
LAKE ERIE,337,41.6836,-82.8692
LAKE ERIE,338,41.6994,-82.6325
LAKE ERIE,339,41.7297,-82.5161
LAKE ERIE,340,41.7567,-82.4003
LAKE ERIE,341,41.798,-82.292
LAKE ERIE,342,41.8139,-82.1669
LAKE ERIE,343,41.8467,-83.0839
LAKE ERIE,344,41.7833,-82.8422
LAKE ERIE,357,41.8125,-82.9839
LAKE ERIE,358,41.8944,-82.8664
LAKE ERIE,365,41.9164,-82.7567
LAKE ERIE,387,41.664,-83.151
LAKE ERIE,424,41.8325,-82.8519
LAKE ERIE,442,42.8417,-79.3928
LAKE ERIE,445,42.8,-79.7
LAKE ERIE,448,42.295,-79.713
LAKE ERIE,449,42.767,-79.967
LAKE ERIE,452,42.5833,-79.9217
LAKE ERIE,453,42.8033,-79.5811
LAKE ERIE,478,41.6583,-82.8167
LAKE ERIE,486,42.8436,-79.5869
LAKE ERIE,489,42.1672,-80.2994
LAKE ERIE,491,41.8533,-82.5233
LAKE ERIE,492,41.8408,-82.5411
LAKE ERIE,493,41.83,-82.5839
LAKE ERIE,494,41.7117,-82.6982
LAKE ERIE,495,41.6431,-82.713
LAKE ERIE,496,41.5689,-82.7181
LAKE ERIE,56,41.9831,-82.7506
LAKE ERIE,574,41.7203,-83.0364
LAKE ERIE,582,41.76,-82.7367
LAKE ERIE,585,41.7564,-83.2169
LAKE ERIE,67,42.845,-79.575
LAKE ERIE,672,41.8483,-81.1247
LAKE ERIE,680,42.5103,-81.0083
LAKE ERIE,727,42.817,-79.383
LAKE ERIE,733,41.8722,-83.2703
LAKE ERIE,741A,41.6581,-83.5175
LAKE ERIE,873,41.9181,-82.6186
LAKE ERIE,874,41.9314,-82.5692
LAKE ERIE,879,42.507,-79.9
LAKE ERIE,880,41.936,-81.654
LAKE ERIE,881,41.969,-83.208
LAKE ERIE,882,41.766,-83.31
LAKE ERIE,885,41.519,-82.641
LAKE ERIE,886,42.538,-79.617
LAKE ERIE,887,42.647,-79.692
LAKE ERIE,888,42.281,-81.671
LAKE ERIE,889,42.11,-81.575
LAKE ERIE,896,42.4294,-81.205
LAKE ERIE,897,42.2525,-81.1061
LAKE ERIE,898,42.0811,-81.0117
LAKE ERIE,899,41.9342,-81.4789
LAKE ERIE,915,42.1092,-81.5753
LAKE ERIE,916,42.2786,-81.6703
LAKE ERIE,918,41.9647,-82.0414
LAKE ERIE,919,41.7889,-81.9447
LAKE ERIE,920,41.9775,-81.7575
LAKE ERIE,931,42.849,-78.941
LAKE ERIE,932,42.791,-79.208
LAKE ERIE,933,42.825,-79.567
LAKE ERIE,934,42.708,-79.508
LAKE ERIE,935,42.591,-79.466
LAKE ERIE,936,42.475,-79.409
LAKE ERIE,937,42.717,-80.25
LAKE ERIE,938,42.634,-80.059
LAKE ERIE,939,42.567,-79.917
LAKE ERIE,940,42.442,-79.833
LAKE ERIE,941,42.325,-79.833
LAKE ERIE,942,42.259,-79.833
LAKE ERIE,943,42.575,-80.642
LAKE ERIE,944,42.533,-80.642
LAKE ERIE,945,42.4,-80.642
LAKE ERIE,946,42.167,-80.642
LAKE ERIE,947,41.992,-80.642
LAKE ERIE,948,41.957,-80.642
LAKE ERIE,949,42.25,-81.108
LAKE ERIE,950,42.588,-81.442
LAKE ERIE,951,42.475,-81.442
LAKE ERIE,952,42.358,-81.442
LAKE ERIE,953,42.208,-81.442
LAKE ERIE,954,42.025,-81.442
LAKE ERIE,955,41.8,-81.442
LAKE ERIE,956,41.692,-81.442
LAKE ERIE,957,41.683,-81.742
LAKE ERIE,958,41.525,-81.708
LAKE ERIE,959,42.195,-82.183
LAKE ERIE,960,42.1,-82.183
LAKE ERIE,961,41.908,-82.183
LAKE ERIE,962,41.717,-82.183
LAKE ERIE,963,41.575,-82.183
LAKE ERIE,964,41.483,-82.183
LAKE ERIE,965,41.5,-82.5
LAKE ERIE,966,41.983,-82.625
LAKE ERIE,967,41.892,-82.667
LAKE ERIE,968,41.742,-82.733
LAKE ERIE,969,41.608,-82.925
LAKE ERIE,970,41.825,-82.975
LAKE ERIE,971,41.95,-83.05
LAKE ERIE,971A,41.9997,-83.0575
LAKE ERIE,972,41.867,-83.2
LAKE ERIE,973,41.792,-83.333
LAKE ERIE,974,41.725,-83.15
LAKE ERIE,980,42.1167,-81.25
LAKE HURON,1,43.09,-82.392
LAKE HURON,10,43.753,-81.782
LAKE HURON,100,43.825,-83.817
LAKE HURON,101,43.821,-83.625
LAKE HURON,104,46.017,-81.967
LAKE HURON,11,43.957,-81.787
LAKE HURON,1167,43.0431,-82.4117
LAKE HURON,12,43.89,-82.057
LAKE HURON,125,45.2494,-82.8333
LAKE HURON,13,43.753,-82.568
LAKE HURON,138,44.724,-81.821
LAKE HURON,139,45.408,-82.524
LAKE HURON,14,43.942,-82.667
LAKE HURON,140,44.741,-81.504
LAKE HURON,141,45.5,-82.121
LAKE HURON,144,44.167,-81.683
LAKE HURON,146,44.2442,-82.2494
LAKE HURON,155,43.1142,-82.4147
LAKE HURON,156,43.2653,-82.4361
LAKE HURON,157,43.4186,-82.4575
LAKE HURON,158,43.5617,-82.4725
LAKE HURON,159,43.7011,-82.4981
LAKE HURON,160,43.8047,-82.5367
LAKE HURON,161,43.9381,-82.5844
LAKE HURON,162,44.0789,-82.6353
LAKE HURON,163,44.215,-82.7006
LAKE HURON,164,44.3517,-82.7631
LAKE HURON,165,44.4883,-82.8253
LAKE HURON,166,44.6286,-82.8947
LAKE HURON,167,44.7731,-82.9653
LAKE HURON,168,44.9175,-83.0333
LAKE HURON,169,45.0647,-83.1025
LAKE HURON,17,44.1,-82.867
LAKE HURON,170,45.2092,-83.1708
LAKE HURON,171,45.3336,-83.2878
LAKE HURON,172,45.46,-83.3872
LAKE HURON,173,45.5694,-83.5178
LAKE HURON,174,45.6892,-83.6433
LAKE HURON,175,45.8117,-83.7597
LAKE HURON,176,45.9308,-83.8817
LAKE HURON,181,45.3303,-82.4992
LAKE HURON,182,45.6672,-83.5678
LAKE HURON,185,45.8067,-84.1042
LAKE HURON,20,44.217,-83.083
LAKE HURON,23,44.333,-83.3
LAKE HURON,27,44.198,-82.503
LAKE HURON,29,44.367,-81.833
LAKE HURON,3,43.257,-82.038
LAKE HURON,30,44.467,-81.453
LAKE HURON,32,44.453,-82.342
LAKE HURON,33,44.5,-82.833
LAKE HURON,34,44.64,-83.232
LAKE HURON,36,45.04,-83.378
LAKE HURON,38,44.74,-82.057
LAKE HURON,39,44.657,-81.378
LAKE HURON,4,43.325,-81.788
LAKE HURON,40,44.898,-81.437
LAKE HURON,41,45.083,-81.537
LAKE HURON,42,45.222,-81.82
LAKE HURON,43,45.013,-82.008
LAKE HURON,44,45.017,-82.685
LAKE HURON,47,45.255,-83.347
LAKE HURON,48,45.278,-82.452
LAKE HURON,5,43.548,-81.745
LAKE HURON,50,45.535,-82.045
LAKE HURON,52,45.652,-82.648
LAKE HURON,54,45.517,-83.417
LAKE HURON,544,46.15,-82.539
LAKE HURON,545,46.158,-82.5
LAKE HURON,546,46.158,-82.45
LAKE HURON,547,46.142,-82.333
LAKE HURON,548,46.017,-82.433
LAKE HURON,55,45.425,-83.652
LAKE HURON,56,45.517,-84.083
LAKE HURON,58,45.867,-83.267
LAKE HURON,59,45.767,-83.028
LAKE HURON,592,45.883,-82.15
LAKE HURON,593,45.605,-81.888
LAKE HURON,594,43.7986,-82.1172
LAKE HURON,595,43.9844,-82.1353
LAKE HURON,596,44.6914,-81.9125
LAKE HURON,60,45.902,-83.518
LAKE HURON,61,45.75,-83.917
LAKE HURON,62,45.675,-84.187
LAKE HURON,63,45.703,-84.512
LAKE HURON,64,45.813,-84.755
LAKE HURON,65,45.845,-84.567
LAKE HURON,66,45.863,-84.295
LAKE HURON,67,45.935,-83.9
LAKE HURON,68,46.042,-83.853
LAKE HURON,69,46.078,-84.028
LAKE HURON,69B,46.0883,-84.035
LAKE HURON,7,43.342,-82.507
LAKE HURON,70,46.137,-83.672
LAKE HURON,71,46.233,-83.747
LAKE HURON,73,46.187,-83.355
LAKE HURON,76,46,-83.433
LAKE HURON,77,45.97,-83.198
LAKE HURON,79,46.123,-82.886
LAKE HURON,8,43.567,-82.485
LAKE HURON,807,43.84,-81.753
LAKE HURON,808,43.856,-81.861
LAKE HURON,809,43.871,-81.953
LAKE HURON,810,44.654,-81.333
LAKE HURON,811,44.666,-81.475
LAKE HURON,812,44.673,-81.59
LAKE HURON,813,44.34,-81.683
LAKE HURON,814,44.64,-83.203
LAKE HURON,82,45.937,-82.758
LAKE HURON,83,46,-82.55
LAKE HURON,84,46.092,-82.557
LAKE HURON,87,46.061,-82.197
LAKE HURON,88,46.056,-82
LAKE HURON,89,45.917,-82.161
LAKE HURON,9,43.633,-82.217
LAKE HURON,94,44.069,-83.081
LAKE HURON,95,44.213,-83.371
LAKE HURON,96,44.126,-83.171
LAKE HURON,97,44.115,-83.529
LAKE HURON,98,43.976,-83.576
LAKE HURON,99,43.908,-83.742
LAKE ONTARIO,1,43.313,-79.752
LAKE ONTARIO,10,43.668,-79.267
LAKE ONTARIO,100,44.137,-76.33
LAKE ONTARIO,1001,43.287,-79.843
LAKE ONTARIO,101,44.193,-76.31
LAKE ONTARIO,102,44.203,-76.237
LAKE ONTARIO,103,44.203,-76.543
LAKE ONTARIO,1096,43.8036,-77.0281
LAKE ONTARIO,11,43.585,-79.312
LAKE ONTARIO,1185,44.2681,-76.1825
LAKE ONTARIO,1193,44.0594,-77.0867
LAKE ONTARIO,1194,44.1072,-77.03
LAKE ONTARIO,1195,44.0967,-77.0731
LAKE ONTARIO,1196,44.1758,-77.0464
LAKE ONTARIO,12,43.503,-79.353
LAKE ONTARIO,1267,43.2614,-79.7533
LAKE ONTARIO,1293,43.5533,-79.5483
LAKE ONTARIO,1297,43.5414,-79.5711
LAKE ONTARIO,13,43.417,-79.4
LAKE ONTARIO,1317,43.2167,-79.4469
LAKE ONTARIO,1318,43.2306,-79.4467
LAKE ONTARIO,1319,43.2625,-79.4464
LAKE ONTARIO,1320,43.5744,-79.5064
LAKE ONTARIO,1321,43.5642,-79.4956
LAKE ONTARIO,1322,43.5369,-79.4719
LAKE ONTARIO,1323,43.6078,-79.4378
LAKE ONTARIO,1324,43.5817,-79.4114
LAKE ONTARIO,1325,43.6536,-79.2681
LAKE ONTARIO,1326,43.6431,-79.2544
LAKE ONTARIO,1327,43.6142,-79.2347
LAKE ONTARIO,1328,43.7689,-79.1086
LAKE ONTARIO,1329,43.7611,-79.0956
LAKE ONTARIO,1330,43.7411,-79.0594
LAKE ONTARIO,1331,43.9047,-78.3044
LAKE ONTARIO,1332,43.8742,-78.2986
LAKE ONTARIO,1378,43.465,-79.6117
LAKE ONTARIO,1379,43.255,-79.525
LAKE ONTARIO,14,43.393,-79.487
LAKE ONTARIO,1490,43.2739,-79.2517
LAKE ONTARIO,15,43.317,-79.443
LAKE ONTARIO,16,43.272,-79.36
LAKE ONTARIO,17,43.225,-79.272
LAKE ONTARIO,18,43.303,-79.278
LAKE ONTARIO,19,43.383,-79.285
LAKE ONTARIO,2,43.34,-79.665
LAKE ONTARIO,20,43.338,-79.197
LAKE ONTARIO,206,43.4011,-79.4475
LAKE ONTARIO,207,43.3222,-79.1558
LAKE ONTARIO,208,43.3339,-79.0697
LAKE ONTARIO,209,43.3372,-78.9933
LAKE ONTARIO,21,43.3,-79.12
LAKE ONTARIO,210,43.3597,-78.8722
LAKE ONTARIO,211,43.4944,-78.9053
LAKE ONTARIO,22,43.297,-79.005
LAKE ONTARIO,23,43.37,-79.067
LAKE ONTARIO,24,43.44,-79.128
LAKE ONTARIO,25,43.517,-79.08
LAKE ONTARIO,26,43.608,-79.017
LAKE ONTARIO,27,43.703,-78.957
LAKE ONTARIO,28,43.775,-78.855
LAKE ONTARIO,29,43.83,-78.87
LAKE ONTARIO,3,43.268,-79.62
LAKE ONTARIO,30,43.83,-78.662
LAKE ONTARIO,31,43.887,-78.46
LAKE ONTARIO,32,43.783,-78.438
LAKE ONTARIO,33,43.597,-78.802
LAKE ONTARIO,34,43.462,-78.76
LAKE ONTARIO,35,43.36,-78.73
LAKE ONTARIO,36,43.492,-78.387
LAKE ONTARIO,37,43.392,-78.37
LAKE ONTARIO,38,43.383,-77.99
LAKE ONTARIO,39,43.487,-78
LAKE ONTARIO,40,43.59,-78.012
LAKE ONTARIO,403,43.5986,-78.2314
LAKE ONTARIO,41,43.717,-78.027
LAKE ONTARIO,42,43.84,-78.038
LAKE ONTARIO,43,43.95,-78.05
LAKE ONTARIO,44,43.882,-77.908
LAKE ONTARIO,45,43.82,-77.783
LAKE ONTARIO,46,43.885,-77.69
LAKE ONTARIO,47,43.952,-77.588
LAKE ONTARIO,48,43.862,-77.525
LAKE ONTARIO,49,43.772,-77.438
LAKE ONTARIO,498,44.1519,-77.3369
LAKE ONTARIO,5,43.425,-79.658
LAKE ONTARIO,52,43.433,-77.712
LAKE ONTARIO,53,43.35,-77.712
LAKE ONTARIO,54,43.413,-77.575
LAKE ONTARIO,55,43.443,-77.438
LAKE ONTARIO,56,43.36,-77.515
LAKE ONTARIO,57,43.275,-77.592
LAKE ONTARIO,58,43.328,-77.438
LAKE ONTARIO,59,43.382,-77.298
LAKE ONTARIO,6,43.467,-79.53
LAKE ONTARIO,60,43.58,-77.2
LAKE ONTARIO,61,43.787,-77.158
LAKE ONTARIO,62,43.88,-77
LAKE ONTARIO,63,43.732,-77.017
LAKE ONTARIO,64,43.525,-76.927
LAKE ONTARIO,65,43.423,-76.883
LAKE ONTARIO,66,43.333,-76.84
LAKE ONTARIO,67,43.408,-76.795
LAKE ONTARIO,68,43.53,-76.732
LAKE ONTARIO,68B,43.5836,-79.4161
LAKE ONTARIO,69,43.607,-76.713
LAKE ONTARIO,7,43.547,-79.488
LAKE ONTARIO,70,43.542,-76.618
LAKE ONTARIO,71,43.477,-76.527
LAKE ONTARIO,713,43.417,-77.917
LAKE ONTARIO,715,43.636,-76.969
LAKE ONTARIO,716,43.6,-77.44
LAKE ONTARIO,717,43.3,-77.44
LAKE ONTARIO,72,43.55,-76.525
LAKE ONTARIO,725,43.638,-79.362
LAKE ONTARIO,726,43.632,-79.379
LAKE ONTARIO,73,43.633,-76.288
LAKE ONTARIO,737,43.6086,-79.4303
LAKE ONTARIO,738,43.5639,-79.3867
LAKE ONTARIO,739,43.4233,-79.2575
LAKE ONTARIO,74,43.75,-76.518
LAKE ONTARIO,740,43.3403,-79.1561
LAKE ONTARIO,741,43.2567,-79.0594
LAKE ONTARIO,742,43.3806,-78.1928
LAKE ONTARIO,743,43.5225,-78.1869
LAKE ONTARIO,744,43.6664,-78.1775
LAKE ONTARIO,745,43.8067,-78.1728
LAKE ONTARIO,746,43.9475,-78.1669
LAKE ONTARIO,747,43.6333,-77.2919
LAKE ONTARIO,749,43.5258,-79.5494
LAKE ONTARIO,75,43.843,-76.355
LAKE ONTARIO,750,43.5539,-79.5353
LAKE ONTARIO,752,43.4986,-79.4803
LAKE ONTARIO,753,44.2417,-76.2994
LAKE ONTARIO,754,44.2367,-76.4075
LAKE ONTARIO,756,43.2336,-79.4075
LAKE ONTARIO,757,43.2153,-79.3333
LAKE ONTARIO,76,43.95,-76.175
LAKE ONTARIO,77,43.957,-76.408
LAKE ONTARIO,78,44.083,-76.407
LAKE ONTARIO,79,44.075,-76.522
LAKE ONTARIO,8,43.623,-79.453
LAKE ONTARIO,80,44.142,-76.61
LAKE ONTARIO,81,44.017,-76.672
LAKE ONTARIO,82,44.067,-76.812
LAKE ONTARIO,826,44.1517,-77.2561
LAKE ONTARIO,83,44,-76.843
LAKE ONTARIO,84,43.887,-76.733
LAKE ONTARIO,85,43.75,-79.083
LAKE ONTARIO,86,43.255,-79.195
LAKE ONTARIO,87,43.298,-77.518
LAKE ONTARIO,88,43.588,-76.417
LAKE ONTARIO,89,43.698,-76.417
LAKE ONTARIO,9,43.587,-79.395
LAKE ONTARIO,90,44.136,-76.825
LAKE ONTARIO,909,43.281,-79.873
LAKE ONTARIO,91,43.92,-78.307
LAKE ONTARIO,918,43.286,-79.794
LAKE ONTARIO,926,43.305,-79.815
LAKE ONTARIO,93,43.327,-78.868
LAKE ONTARIO,94,43.325,-77.217
LAKE ONTARIO,95,43.313,-77.001
LAKE ONTARIO,96,43.223,-79.447
LAKE ONTARIO,97,43.962,-76.122
LAKE ONTARIO,98,43.935,-76.232
LAKE ONTARIO,988,43.783,-79.042
LAKE SUPERIOR,100,48.757,-86.976
LAKE SUPERIOR,101,48.735,-87.167
LAKE SUPERIOR,102,48.615,-87.436
LAKE SUPERIOR,105,48.733,-87.563
LAKE SUPERIOR,106,48.575,-88.117
LAKE SUPERIOR,109,48.458,-88.007
LAKE SUPERIOR,11,47.31,-84.658
LAKE SUPERIOR,111,48.3458,-87.9356
LAKE SUPERIOR,113,48.145,-87.703
LAKE SUPERIOR,115,47.847,-87.457
LAKE SUPERIOR,118,47.607,-87.71
LAKE SUPERIOR,12,47.037,-85.103
LAKE SUPERIOR,125,47.605,-88.217
LAKE SUPERIOR,127,47.848,-88.337
LAKE SUPERIOR,130,48.108,-88.458
LAKE SUPERIOR,133,48.283,-88.597
LAKE SUPERIOR,135,48.33,-88.633
LAKE SUPERIOR,136,48.29,-88.83
LAKE SUPERIOR,137,48.302,-88.95
LAKE SUPERIOR,138,48.417,-88.933
LAKE SUPERIOR,139,48.298,-89.18
LAKE SUPERIOR,140,48.15,-89.148
LAKE SUPERIOR,149,47.883,-89.64
LAKE SUPERIOR,152,47.688,-89.467
LAKE SUPERIOR,155,47.803,-89.147
LAKE SUPERIOR,157,47.613,-89
LAKE SUPERIOR,160,47.367,-88.818
LAKE SUPERIOR,164,47.027,-89.038
LAKE SUPERIOR,169,47.207,-89.667
LAKE SUPERIOR,17,46.713,-85.818
LAKE SUPERIOR,170,47.337,-89.803
LAKE SUPERIOR,171,47.45,-89.921
LAKE SUPERIOR,177,47.7458,-90.235
LAKE SUPERIOR,180,47.467,-90.905
LAKE SUPERIOR,182,47.323,-90.7183
LAKE SUPERIOR,185,47.1,-90.463
LAKE SUPERIOR,189,46.845,-90.189
LAKE SUPERIOR,192,46.7,-90.032
LAKE SUPERIOR,196,46.748,-90.703
LAKE SUPERIOR,198,47.01,-90.983
LAKE SUPERIOR,2,46.543,-84.748
LAKE SUPERIOR,201,47.132,-91.112
LAKE SUPERIOR,208,46.938,-91.448
LAKE SUPERIOR,212,46.75,-91.675
LAKE SUPERIOR,216,46.907,-91.82
LAKE SUPERIOR,218,46.817,-91.885
LAKE SUPERIOR,22,46.968,-85.728
LAKE SUPERIOR,221,46.782,-92.054
LAKE SUPERIOR,23,47.213,-85.633
LAKE SUPERIOR,24,48.1522,-89.0236
LAKE SUPERIOR,25,47.455,-85.275
LAKE SUPERIOR,27,47.535,-85.15
LAKE SUPERIOR,28,47.585,-85.065
LAKE SUPERIOR,293,46.474,-84.46
LAKE SUPERIOR,3,46.6,-84.592
LAKE SUPERIOR,30,47.72,-85.139
LAKE SUPERIOR,31,47.918,-84.913
LAKE SUPERIOR,34,47.833,-85.208
LAKE SUPERIOR,35,47.932,-85.27
LAKE SUPERIOR,36,47.908,-85.737
LAKE SUPERIOR,38,47.807,-85.833
LAKE SUPERIOR,39,47.69,-85.967
LAKE SUPERIOR,4,46.7,-84.6
LAKE SUPERIOR,42,47.325,-86.372
LAKE SUPERIOR,43,47.08,-86.478
LAKE SUPERIOR,44,47.8944,-87.7997
LAKE SUPERIOR,45,46.857,-86.568
LAKE SUPERIOR,5,46.733,-84.793
LAKE SUPERIOR,50,46.508,-86.568
LAKE SUPERIOR,51,46.517,-87.337
LAKE SUPERIOR,532,47.1828,-91.2294
LAKE SUPERIOR,533,48.155,-89.0231
LAKE SUPERIOR,534,47.5425,-86.9994
LAKE SUPERIOR,535,46.715,-84.7867
LAKE SUPERIOR,536,48.3217,-89.0403
LAKE SUPERIOR,57,46.933,-87.305
LAKE SUPERIOR,59,47.159,-87.282
LAKE SUPERIOR,613,47.4828,-90.4542
LAKE SUPERIOR,614,47.6833,-89.9364
LAKE SUPERIOR,615,47.8,-88.7358
LAKE SUPERIOR,616,48.615,-87.8
LAKE SUPERIOR,617,48.4403,-86.7297
LAKE SUPERIOR,618,47.0847,-87.6661
LAKE SUPERIOR,619,47.9811,-86.6172
LAKE SUPERIOR,62,47.167,-87.643
LAKE SUPERIOR,620,47.8981,-86.7461
LAKE SUPERIOR,621,47.3594,-87.0069
LAKE SUPERIOR,622,47.2697,-86.8672
LAKE SUPERIOR,623,47.2686,-86.6172
LAKE SUPERIOR,624,46.9111,-86.8667
LAKE SUPERIOR,625,46.8106,-85.4317
LAKE SUPERIOR,626,47.3481,-84.8822
LAKE SUPERIOR,628,47.1817,-86.2189
LAKE SUPERIOR,629,47.805,-86.6158
LAKE SUPERIOR,630,47.4508,-86.0769
LAKE SUPERIOR,631,46.8167,-87.0003
LAKE SUPERIOR,632,47.6303,-85.4519
LAKE SUPERIOR,633,47.4483,-85.5503
LAKE SUPERIOR,634,46.905,-86.0819
LAKE SUPERIOR,635,47.1831,-86.9992
LAKE SUPERIOR,637,48.3469,-88.2103
LAKE SUPERIOR,638,46.993306,-85.16111
LAKE SUPERIOR,639,47.36056,-85.62056
LAKE SUPERIOR,640,46.894444,-85.85139
LAKE SUPERIOR,642,46.77472,-86.55556
LAKE SUPERIOR,643,48.55861,-86.37694
LAKE SUPERIOR,644,48.07417,-86.59139
LAKE SUPERIOR,645,47.60583,-86.81778
LAKE SUPERIOR,646,48.43667,-87.08611
LAKE SUPERIOR,647,47.51417,-87.54611
LAKE SUPERIOR,648,48.34361,-87.82528
LAKE SUPERIOR,649,47.85611,-88.04194
LAKE SUPERIOR,650,48.22972,-88.54444
LAKE SUPERIOR,651,47.740833,-88.7375
LAKE SUPERIOR,652,48.08275,-89.25333
LAKE SUPERIOR,653,47.62139,-89.46306
LAKE SUPERIOR,654,47.16444,-89.66194
LAKE SUPERIOR,655,47.51444,-90.15194
LAKE SUPERIOR,656,47.37028,-90.85389
LAKE SUPERIOR,68,47.017,-88.183
LAKE SUPERIOR,69,46.862,-88.413
LAKE SUPERIOR,7,46.825,-84.768
LAKE SUPERIOR,76,47.402,-87.412
LAKE SUPERIOR,77,46.8733,-89.7722
LAKE SUPERIOR,8,46.893,-84.668
LAKE SUPERIOR,80,47.583,-86.952
LAKE SUPERIOR,82,47.858,-86.633
LAKE SUPERIOR,84,48.113,-86.3
LAKE SUPERIOR,87,48.233,-86.15
LAKE SUPERIOR,88,48.568,-86.347
LAKE SUPERIOR,89,48.7,-86.418
LAKE SUPERIOR,9,47.044,-84.813
LAKE SUPERIOR,92,48.583,-86.565
LAKE SUPERIOR,95,48.218,-87.017
LAKE SUPERIOR,97,48.438,-87.253
